{ 
    "$schema": "https://schema.management.azure.com/schemas/2019-04-01/deploymentParameters.json#",
    "contentVersion": "1.0.0.0",
    "parameters": {
        "param":{
            "value": {
                "location": "SwedenCentral",
				"locationAlt": "WestEurope",
				"tags": {
					"Application": "Infra",
					"Environment": "Test"
                    },
                "bastion": true,
                "vgw": true,
                "st": [
                        {
                            "name": "stinfratestsc01",
                            "sku": "Standard_LRS",
                            "kind": "StorageV2",
                            "networkAcls": {
                                "defaultAction": "Deny",
                                "bypass": "AzureServices",
                                "resourceAccessRules": [],
                                "ipRules": []
                                },
                                "fileShares": [
                                {
                                "name":"fileshare01",
                                "backup": true,
                                "properties": {
                                    "accessTier": "Hot",
                                    "shareQuota": 5120,
                                    "enabledProtocols": "SMB"
                                    }
                                },
                                {
                                    "name":"fileshare02",
                                    "backup": true,
                                    "properties": {
                                        "accessTier": "Hot",
                                        "shareQuota": 5120,
                                        "enabledProtocols": "SMB"
                                        }
                                    }
                                ],
                                "containers": [
                                {
                                    "name": "container01"
                                }
                                ],
                                "pe":{
                                "enabled": true,
                                "subnet": "snet-core-test-01",
                                "groupIds":[
                                    "file"
                                ]
                                }
                        }
            
                ],
                "vnet01": {
                    "addressPrefixes": [
                        "10.25.0.0/16"
                    ],
                    "dnsServers": [],
                    "peerings": [],
                    "natGateway": false,
                    "subnets": [
                        {
                            "name": "GatewaySubnet",
                            "properties": {
                                "addressPrefix": "10.25.0.0/24",
                                "networkSecurityGroup": false,
                                "routeTable": false,
                                "natGateway": false,
                                "privateEndpointNetworkPolicies": "Enabled",
                                "privateLinkServiceNetworkPolicies": "Enabled",
                                "serviceEndpoints": []
                            },
                            "routeTable": {
                                "properties": {}
                            },
                            "securityRules": []
                        },
                        {
                            "name": "AzureFirewallSubnet",
                            "properties": {
                                "addressPrefix": "10.25.1.0/24",
                                "networkSecurityGroup": false,
                                "routeTable": false,
                                "natGateway": false,
                                "privateEndpointNetworkPolicies": "Enabled",
                                "privateLinkServiceNetworkPolicies": "Enabled",
                                "serviceEndpoints": []
                            },
                            "routeTable": {
                                "properties": {}
                            },
                            "securityRules": []
                        },
                        {
                            "name": "AzureBastionSubnet",
                            "properties": {
                                "addressPrefix": "10.25.2.0/24",
                                "networkSecurityGroup": true,
                                "routeTable": false,
                                "natGateway": false,
                                "privateEndpointNetworkPolicies": "Enabled",
                                "privateLinkServiceNetworkPolicies": "Enabled",
                                "serviceEndpoints": []
                            },
                            "routeTable": {
                                "properties": {}
                            },
                            "securityRules": [
                                {
                                    "name": "Allow_Inbound_Monitor",
                                    "properties": {
                                        "protocol": "*",
                                        "sourcePortRange": "*",
                                        "destinationPortRange": "10050",
                                        "sourceAddressPrefix": "10.25.7.11/32",
                                        "destinationAddressPrefix": "*",
                                        "access": "Allow",
                                        "priority": 500,
                                        "direction": "Inbound"
                                    }
                                },
                                {
                                    "name": "Deny_Inbound_All",
                                    "properties": {
                                        "protocol": "*",
                                        "sourcePortRange": "*",
                                        "destinationPortRange": "*",
                                        "sourceAddressPrefix": "*",
                                        "destinationAddressPrefix": "*",
                                        "access": "Deny",
                                        "priority": 4096,
                                        "direction": "Inbound"
                                    }
                                },
                                {
                                    "name": "Allow_Inbound_Https",
                                    "properties": {
                                        "protocol": "TCP",
                                        "sourcePortRange": "*",
                                        "destinationPortRange": "443",
                                        "sourceAddressPrefix": "Internet",
                                        "destinationAddressPrefix": "*",
                                        "access": "Allow",
                                        "priority": 1000,
                                        "direction": "Inbound"
                                    }
                                },
                                {
                                    "name": "Allow_Inbound_GatewayManager",
                                    "properties": {
                                        "protocol": "TCP",
                                        "sourcePortRange": "*",
                                        "destinationPortRange": "443",
                                        "sourceAddressPrefix": "GatewayManager",
                                        "destinationAddressPrefix": "*",
                                        "access": "Allow",
                                        "priority": 1100,
                                        "direction": "Inbound"
                                    }
                                },
                                {
                                    "name": "Allow_Inbound_AzureLoadBalancer",
                                    "properties": {
                                        "protocol": "TCP",
                                        "sourcePortRange": "*",
                                        "destinationPortRange": "443",
                                        "sourceAddressPrefix": "AzureLoadBalancer",
                                        "destinationAddressPrefix": "*",
                                        "access": "Allow",
                                        "priority": 1200,
                                        "direction": "Inbound"
                                    }
                                },
                                {
                                    "name": "Allow_Inbound_BastionHost",
                                    "properties": {
                                        "protocol": "*",
                                        "sourcePortRange": "*",
                                        "destinationPortRanges": [
                                            "8080",
                                            "5701"
                                        ],
                                        "sourceAddressPrefix": "VirtualNetwork",
                                        "destinationAddressPrefix": "VirtualNetwork",
                                        "access": "Allow",
                                        "priority": 1300,
                                        "direction": "Inbound"
                                    }
                                },
                                {
                                    "name": "Deny_Outbound_All",
                                    "properties": {
                                        "protocol": "*",
                                        "sourcePortRange": "*",
                                        "destinationPortRange": "*",
                                        "sourceAddressPrefix": "*",
                                        "destinationAddressPrefix": "*",
                                        "access": "Deny",
                                        "priority": 4096,
                                        "direction": "Outbound"
                                    }
                                },
                                {
                                    "name": "Allow_Outbound_RdpSsh",
                                    "properties": {
                                        "protocol": "*",
                                        "sourcePortRange": "*",
                                        "destinationPortRanges": [
                                            "22",
                                            "3389"
                                        ],
                                        "sourceAddressPrefix": "*",
                                        "destinationAddressPrefix": "VirtualNetwork",
                                        "access": "Allow",
                                        "priority": 1000,
                                        "direction": "Outbound"
                                    }
                                },
                                {
                                    "name": "Allow_Outbound_AzureCloud",
                                    "properties": {
                                        "protocol": "TCP",
                                        "sourcePortRange": "*",
                                        "destinationPortRange": "443",
                                        "sourceAddressPrefix": "*",
                                        "destinationAddressPrefix": "AzureCloud",
                                        "access": "Allow",
                                        "priority": 1100,
                                        "direction": "Outbound"
                                    }
                                },
                                {
                                    "name": "Allow_Outbound_BastionHost",
                                    "properties": {
                                        "protocol": "TCP",
                                        "sourcePortRange": "*",
                                        "destinationPortRanges": [
                                            "8080",
                                            "5701"
                                        ],
                                        "sourceAddressPrefix": "VirtualNetwork",
                                        "destinationAddressPrefix": "VirtualNetwork",
                                        "access": "Allow",
                                        "priority": 1200,
                                        "direction": "Outbound"
                                    }
                                },
                                {
                                    "name": "Allow_Outbound_SessionInformation",
                                    "properties": {
                                        "protocol": "*",
                                        "sourcePortRange": "*",
                                        "destinationPortRange": "80",
                                        "sourceAddressPrefix": "*",
                                        "destinationAddressPrefix": "Internet",
                                        "access": "Allow",
                                        "priority": 1300,
                                        "direction": "Outbound"
                                    }
                                }
                            ]
                        },
                        {
                            "name": "snet-pe-test-01",
                            "properties": {
                                "addressPrefix": "10.25.3.0/24",
                                "networkSecurityGroup": true,
                                "routeTable": false,
                                "natGateway": false,
                                "privateEndpointNetworkPolicies": "Disabled",
                                "privateLinkServiceNetworkPolicies": "Disabled",
                                "serviceEndpoints": []
                            },
                            "routeTable": {
                                "properties": {}
                            },
                            "securityRules": [
                                {
                                    "name": "Allow_Inbound_Monitor",
                                    "properties": {
                                        "protocol": "*",
                                        "sourcePortRange": "*",
                                        "destinationPortRange": "10050",
                                        "sourceAddressPrefix": "10.25.7.11/32",
                                        "destinationAddressPrefix": "*",
                                        "access": "Allow",
                                        "priority": 500,
                                        "direction": "Inbound"
                                    }
                                },
                                {
                                    "name": "Deny_Inbound_All",
                                    "properties": {
                                        "protocol": "*",
                                        "sourcePortRange": "*",
                                        "destinationPortRange": "*",
                                        "sourceAddressPrefix": "*",
                                        "destinationAddressPrefix": "*",
                                        "access": "Deny",
                                        "priority": 4096,
                                        "direction": "Inbound"
                                    }
                                },
                                {
                                    "name": "Deny_Outbound_All",
                                    "properties": {
                                        "protocol": "*",
                                        "sourcePortRange": "*",
                                        "destinationPortRange": "*",
                                        "sourceAddressPrefix": "*",
                                        "destinationAddressPrefix": "*",
                                        "access": "Deny",
                                        "priority": 4096,
                                        "direction": "Outbound"
                                    }
                                }
                            ]
                        },
                        {
                            "name": "snet-core-test-01",
                            "properties": {
                                "addressPrefix": "10.25.4.0/24",
                                "networkSecurityGroup": true,
                                "routeTable": false,
                                "natGateway": false,
                                "privateEndpointNetworkPolicies": "Enabled",
                                "privateLinkServiceNetworkPolicies": "Disabled",
                                "serviceEndpoints": []
                            },
                            "routeTable": {
                                "properties": {}
                            },
                            "securityRules": [
                                {
                                    "name": "Allow_Inbound_RDP",
                                    "properties": {
                                        "protocol": "*",
                                        "sourcePortRange": "*",
                                        "destinationPortRanges": [
                                            "22",
                                            "3389"
                                        ],
                                        "sourceAddressPrefix": "*",
                                        "destinationAddressPrefix": "*",
                                        "access": "Allow",
                                        "priority": 110,
                                        "direction": "Inbound"
                                    }
                                },
                                {
                                    "name": "Allow_Inbound_HTTP_vnet02",
                                    "properties": {
                                        "protocol": "*",
                                        "sourcePortRange": "*",
                                        "destinationPortRanges": [
                                            "80",
                                            "8080"
                                        ],
                                        "sourceAddressPrefix": "*",
                                        "destinationAddressPrefix": "10.25.4.0/24",
                                        "access": "Allow",
                                        "priority": 150,
                                        "direction": "Inbound"
                                    }
                                },
                                {
                                    "name": "Allow_Inbound_Bastion",
                                    "properties": {
                                        "protocol": "*",
                                        "sourcePortRange": "*",
                                        "destinationPortRanges": [
                                            "22",
                                            "3389"
                                        ],
                                        "sourceAddressPrefix": "10.25.2.0/24",
                                        "destinationAddressPrefix": "*",
                                        "access": "Allow",
                                        "priority": 100,
                                        "direction": "Inbound"
                                    }
                                },
                                {
                                    "name": "Allow_Inbound_ICMP",
                                    "properties": {
                                        "protocol": "ICMP",
                                        "sourcePortRange": "*",
                                        "destinationPortRange": "*",
                                        "sourceAddressPrefix": "10.25.5.0/24",
                                        "destinationAddressPrefix": "*",
                                        "access": "Allow",
                                        "priority": 200,
                                        "direction": "Inbound"
                                    }
                                },
                                {
                                    "name": "Allow_Inbound_Mgmt",
                                    "properties": {
                                        "protocol": "*",
                                        "sourcePortRange": "*",
                                        "destinationPortRanges": [
                                            "22",
                                            "80",
                                            "135",
                                            "139",
                                            "443",
                                            "445",
                                            "1433",
                                            "3389",
                                            "5986"
                                        ],
                                        "sourceAddressPrefix": "10.25.5.0/24",
                                        "destinationAddressPrefix": "*",
                                        "access": "Allow",
                                        "priority": 300,
                                        "direction": "Inbound"
                                    }
                                },
                                {
                                    "name": "Allow_Inbound_ActiveDirectory",
                                    "properties": {
                                        "protocol": "*",
                                        "sourcePortRange": "*",
                                        "destinationPortRanges": [
                                            "53",
                                            "80",
                                            "88",
                                            "123",
                                            "135",
                                            "137-139",
                                            "389",
                                            "445",
                                            "464",
                                            "636",
                                            "3268-3269",
                                            "5722",
                                            "9389",
                                            "49152-65535"
                                        ],
                                        "sourceAddressPrefixes": [
                                            "10.25.4.0/24",
                                            "10.25.5.0/24",
                                            "10.25.6.0/24",
                                            "10.25.7.0/24",
                                            "10.25.8.0/24",
                                            "10.25.9.0/24"
                                        ],
                                        "destinationAddressPrefix": "*",
                                        "access": "Allow",
                                        "priority": 400,
                                        "direction": "Inbound"
                                    }
                                },
                                {
                                    "name": "Allow_Inbound_Monitor",
                                    "properties": {
                                        "protocol": "*",
                                        "sourcePortRange": "*",
                                        "destinationPortRange": "10050",
                                        "sourceAddressPrefix": "10.25.7.11/32",
                                        "destinationAddressPrefix": "*",
                                        "access": "Allow",
                                        "priority": 500,
                                        "direction": "Inbound"
                                    }
                                },
                                {
                                    "name": "Allow_Inbound_File_Sub2",
                                    "properties": {
                                        "protocol": "*",
                                        "sourcePortRange": "*",
                                        "destinationPortRange": "445",
                                        "sourceAddressPrefix": "10.10.0.0/16",
                                        "destinationAddressPrefix": "*",
                                        "access": "Allow",
                                        "priority": 600,
                                        "direction": "Inbound"
                                    }
                                },
                                {
                                    "name": "Deny_Inbound_All",
                                    "properties": {
                                        "protocol": "*",
                                        "sourcePortRange": "*",
                                        "destinationPortRange": "*",
                                        "sourceAddressPrefix": "*",
                                        "destinationAddressPrefix": "*",
                                        "access": "Deny",
                                        "priority": 4096,
                                        "direction": "Inbound"
                                    }
                                },
                                {
                                    "name": "Allow_Outbound_ActiveDirectory",
                                    "properties": {
                                        "protocol": "*",
                                        "sourcePortRange": "*",
                                        "destinationPortRanges": [
                                            "53",
                                            "88",
                                            "123",
                                            "135",
                                            "137-139",
                                            "389",
                                            "445",
                                            "464",
                                            "636",
                                            "3268-3269",
                                            "3389",
                                            "5722",
                                            "49152-65535"
                                        ],
                                        "sourceAddressPrefix": "*",
                                        "destinationAddressPrefixes": [
                                            "10.25.4.0/24",
                                            "10.25.5.0/24",
                                            "10.25.6.0/24",
                                            "10.25.7.0/24",
                                            "10.25.8.0/24",
                                            "10.25.9.0/24"
                                        ],
                                        "access": "Allow",
                                        "priority": 400,
                                        "direction": "Outbound"
                                    }
                                },
                                {
                                    "name": "Allow_Outbound_Monitor",
                                    "properties": {
                                        "protocol": "*",
                                        "sourcePortRange": "*",
                                        "destinationPortRange": "10051",
                                        "sourceAddressPrefix": "*",
                                        "destinationAddressPrefix": "10.25.7.11/32",
                                        "access": "Allow",
                                        "priority": 500,
                                        "direction": "Outbound"
                                    }
                                },
                                {
                                    "name": "Allow_Outbound_Sub2",
                                    "properties": {
                                        "protocol": "*",
                                        "sourcePortRange": "*",
                                        "destinationPortRange": "*",
                                        "sourceAddressPrefix": "*",
                                        "destinationAddressPrefix": "10.10.0.0/16",
                                        "access": "Allow",
                                        "priority": 600,
                                        "direction": "Outbound"
                                    }
                                },
                                {
                                    "name": "Allow_Outbound_Sjunet",
                                    "properties": {
                                        "protocol": "*",
                                        "sourcePortRange": "*",
                                        "destinationPortRange": "*",
                                        "sourceAddressPrefix": "*",
                                        "destinationAddressPrefixes": [
                                            "81.89.144.0/20",
                                            "82.136.128.0/18",
                                            "213.189.96.0/19"
                                        ],
                                        "access": "Allow",
                                        "priority": 700,
                                        "direction": "Outbound"
                                    }
                                },
                                {
                                    "name": "Allow_Outbound_Internet",
                                    "properties": {
                                        "protocol": "*",
                                        "sourcePortRange": "*",
                                        "destinationPortRange": "*",
                                        "sourceAddressPrefix": "*",
                                        "destinationAddressPrefix": "Internet",
                                        "access": "Allow",
                                        "priority": 4000,
                                        "direction": "Outbound"
                                    }
                                },
                                {
                                    "name": "Deny_Outbound_All",
                                    "properties": {
                                        "protocol": "*",
                                        "sourcePortRange": "*",
                                        "destinationPortRange": "*",
                                        "sourceAddressPrefix": "*",
                                        "destinationAddressPrefix": "*",
                                        "access": "Deny",
                                        "priority": 4096,
                                        "direction": "Outbound"
                                    }
                                }
                            ]
                        },
                        {
                            "name": "snet-mgmt-test-01",
                            "properties": {
                                "addressPrefix": "10.25.5.0/24",
                                "networkSecurityGroup": true,
                                "routeTable": false,
                                "natGateway": false,
                                "privateEndpointNetworkPolicies": "Enabled",
                                "privateLinkServiceNetworkPolicies": "Enabled",
                                "serviceEndpoints": []
                            },
                            "routeTable": {
                                "properties": {}
                            },
                            "securityRules": [
                                {
                                    "name": "Allow_Inbound_Bastion",
                                    "properties": {
                                        "protocol": "*",
                                        "sourcePortRange": "*",
                                        "destinationPortRanges": [
                                            "22",
                                            "3389"
                                        ],
                                        "sourceAddressPrefix": "10.25.2.0/24",
                                        "destinationAddressPrefix": "*",
                                        "access": "Allow",
                                        "priority": 100,
                                        "direction": "Inbound"
                                    }
                                },
                                {
                                    "name": "Allow_Inbound_ICMP",
                                    "properties": {
                                        "protocol": "ICMP",
                                        "sourcePortRange": "*",
                                        "destinationPortRange": "*",
                                        "sourceAddressPrefix": "10.25.5.0/24",
                                        "destinationAddressPrefix": "*",
                                        "access": "Allow",
                                        "priority": 200,
                                        "direction": "Inbound"
                                    }
                                },
                                {
                                    "name": "Allow_Inbound_Mgmt",
                                    "properties": {
                                        "protocol": "*",
                                        "sourcePortRange": "*",
                                        "destinationPortRanges": [
                                            "22",
                                            "80",
                                            "135",
                                            "139",
                                            "443",
                                            "445",
                                            "1433",
                                            "3389",
                                            "5986"
                                        ],
                                        "sourceAddressPrefix": "10.25.5.0/24",
                                        "destinationAddressPrefix": "*",
                                        "access": "Allow",
                                        "priority": 300,
                                        "direction": "Inbound"
                                    }
                                },
                                {
                                    "name": "Allow_Inbound_ActiveDirectory",
                                    "properties": {
                                        "protocol": "*",
                                        "sourcePortRange": "*",
                                        "destinationPortRanges": [
                                            "53",
                                            "88",
                                            "123",
                                            "135",
                                            "137-139",
                                            "389",
                                            "445",
                                            "464",
                                            "636",
                                            "3268-3269",
                                            "3389",
                                            "5722",
                                            "9389",
                                            "49152-65535"
                                        ],
                                        "sourceAddressPrefix": "10.25.4.0/24",
                                        "destinationAddressPrefix": "*",
                                        "access": "Allow",
                                        "priority": 400,
                                        "direction": "Inbound"
                                    }
                                },
                                {
                                    "name": "Allow_Inbound_Monitor",
                                    "properties": {
                                        "protocol": "*",
                                        "sourcePortRange": "*",
                                        "destinationPortRange": "10050",
                                        "sourceAddressPrefix": "10.25.7.11/32",
                                        "destinationAddressPrefix": "*",
                                        "access": "Allow",
                                        "priority": 500,
                                        "direction": "Inbound"
                                    }
                                },
                                {
                                    "name": "Deny_Inbound_All",
                                    "properties": {
                                        "protocol": "*",
                                        "sourcePortRange": "*",
                                        "destinationPortRange": "*",
                                        "sourceAddressPrefix": "*",
                                        "destinationAddressPrefix": "*",
                                        "access": "Deny",
                                        "priority": 4096,
                                        "direction": "Inbound"
                                    }
                                },
                                {
                                    "name": "Allow_Outbound_ICMP",
                                    "properties": {
                                        "protocol": "ICMP",
                                        "sourcePortRange": "*",
                                        "destinationPortRange": "*",
                                        "sourceAddressPrefix": "*",
                                        "destinationAddressPrefix": "10.25.0.0/16",
                                        "access": "Allow",
                                        "priority": 200,
                                        "direction": "Outbound"
                                    }
                                },
                                {
                                    "name": "Allow_Outbound_Mgmt",
                                    "properties": {
                                        "protocol": "*",
                                        "sourcePortRange": "*",
                                        "destinationPortRanges": [
                                            "22",
                                            "80",
                                            "135",
                                            "139",
                                            "443",
                                            "445",
                                            "1433",
                                            "3389",
                                            "5986"
                                        ],
                                        "sourceAddressPrefix": "*",
                                        "destinationAddressPrefix": "10.25.0.0/16",
                                        "access": "Allow",
                                        "priority": 300,
                                        "direction": "Outbound"
                                    }
                                },
                                {
                                    "name": "Allow_Outbound_ActiveDirectory",
                                    "properties": {
                                        "protocol": "*",
                                        "sourcePortRange": "*",
                                        "destinationPortRanges": [
                                            "53",
                                            "80",
                                            "88",
                                            "123",
                                            "135",
                                            "137-139",
                                            "389",
                                            "445",
                                            "464",
                                            "636",
                                            "3268-3269",
                                            "5722",
                                            "9389",
                                            "49152-65535"
                                        ],
                                        "sourceAddressPrefix": "*",
                                        "destinationAddressPrefix": "10.25.4.0/24",
                                        "access": "Allow",
                                        "priority": 400,
                                        "direction": "Outbound"
                                    }
                                },
                                {
                                    "name": "Allow_Outbound_Monitor",
                                    "properties": {
                                        "protocol": "*",
                                        "sourcePortRange": "*",
                                        "destinationPortRange": "10051",
                                        "sourceAddressPrefix": "*",
                                        "destinationAddressPrefix": "10.25.7.11/32",
                                        "access": "Allow",
                                        "priority": 500,
                                        "direction": "Outbound"
                                    }
                                },
                                {
                                    "name": "Allow_Outbound_Internet",
                                    "properties": {
                                        "protocol": "*",
                                        "sourcePortRange": "*",
                                        "destinationPortRange": "*",
                                        "sourceAddressPrefix": "*",
                                        "destinationAddressPrefix": "Internet",
                                        "access": "Allow",
                                        "priority": 4000,
                                        "direction": "Outbound"
                                    }
                                },
                                {
                                    "name": "Deny_Outbound_All",
                                    "properties": {
                                        "protocol": "*",
                                        "sourcePortRange": "*",
                                        "destinationPortRange": "*",
                                        "sourceAddressPrefix": "*",
                                        "destinationAddressPrefix": "*",
                                        "access": "Deny",
                                        "priority": 4096,
                                        "direction": "Outbound"
                                    }
                                }
                            ]
                        },
                        {
                            "name": "snet-sql-test-01",
                            "properties": {
                                "addressPrefix": "10.25.6.0/24",
                                "networkSecurityGroup": true,
                                "routeTable": false,
                                "natGateway": false,
                                "privateEndpointNetworkPolicies": "Enabled",
                                "privateLinkServiceNetworkPolicies": "Enabled",
                                "serviceEndpoints": []
                            },
                            "routeTable": {
                                "properties": {}
                            },
                            "securityRules": [
                                {
                                    "name": "Allow_Inbound_Bastion",
                                    "properties": {
                                        "protocol": "*",
                                        "sourcePortRange": "*",
                                        "destinationPortRanges": [
                                            "22",
                                            "3389"
                                        ],
                                        "sourceAddressPrefix": "10.25.2.0/24",
                                        "destinationAddressPrefix": "*",
                                        "access": "Allow",
                                        "priority": 100,
                                        "direction": "Inbound"
                                    }
                                },
                                {
                                    "name": "Allow_Inbound_ICMP",
                                    "properties": {
                                        "protocol": "ICMP",
                                        "sourcePortRange": "*",
                                        "destinationPortRange": "*",
                                        "sourceAddressPrefix": "10.25.5.0/24",
                                        "destinationAddressPrefix": "*",
                                        "access": "Allow",
                                        "priority": 200,
                                        "direction": "Inbound"
                                    }
                                },
                                {
                                    "name": "Allow_Inbound_Mgmt",
                                    "properties": {
                                        "protocol": "*",
                                        "sourcePortRange": "*",
                                        "destinationPortRanges": [
                                            "22",
                                            "80",
                                            "135",
                                            "139",
                                            "443",
                                            "445",
                                            "1433",
                                            "3389",
                                            "5986"
                                        ],
                                        "sourceAddressPrefix": "10.25.5.0/24",
                                        "destinationAddressPrefix": "*",
                                        "access": "Allow",
                                        "priority": 300,
                                        "direction": "Inbound"
                                    }
                                },
                                {
                                    "name": "Allow_Inbound_ActiveDirectory",
                                    "properties": {
                                        "protocol": "*",
                                        "sourcePortRange": "*",
                                        "destinationPortRanges": [
                                            "53",
                                            "88",
                                            "123",
                                            "135",
                                            "137-139",
                                            "389",
                                            "445",
                                            "464",
                                            "636",
                                            "3268-3269",
                                            "3389",
                                            "5722",
                                            "9389",
                                            "49152-65535"
                                        ],
                                        "sourceAddressPrefix": "10.25.4.0/24",
                                        "destinationAddressPrefix": "*",
                                        "access": "Allow",
                                        "priority": 400,
                                        "direction": "Inbound"
                                    }
                                },
                                {
                                    "name": "Allow_Inbound_Monitor",
                                    "properties": {
                                        "protocol": "*",
                                        "sourcePortRange": "*",
                                        "destinationPortRange": "10050",
                                        "sourceAddressPrefix": "10.25.7.11/32",
                                        "destinationAddressPrefix": "*",
                                        "access": "Allow",
                                        "priority": 500,
                                        "direction": "Inbound"
                                    }
                                },
                                {
                                    "name": "Allow_Inbound_SQL",
                                    "properties": {
                                        "protocol": "*",
                                        "sourcePortRange": "*",
                                        "destinationPortRange": "1433",
                                        "sourceAddressPrefixes": [
                                            "10.25.7.0/24",
                                            "10.25.8.0/24"
                                        ],
                                        "destinationAddressPrefix": "*",
                                        "access": "Allow",
                                        "priority": 1000,
                                        "direction": "Inbound"
                                    }
                                },
                                {
                                    "name": "Deny_Inbound_All",
                                    "properties": {
                                        "protocol": "*",
                                        "sourcePortRange": "*",
                                        "destinationPortRange": "*",
                                        "sourceAddressPrefix": "*",
                                        "destinationAddressPrefix": "*",
                                        "access": "Deny",
                                        "priority": 4096,
                                        "direction": "Inbound"
                                    }
                                },
                                {
                                    "name": "Allow_Outbound_ActiveDirectory",
                                    "properties": {
                                        "protocol": "*",
                                        "sourcePortRange": "*",
                                        "destinationPortRanges": [
                                            "53",
                                            "80",
                                            "88",
                                            "123",
                                            "135",
                                            "137-139",
                                            "389",
                                            "445",
                                            "464",
                                            "636",
                                            "3268-3269",
                                            "5722",
                                            "9389",
                                            "49152-65535"
                                        ],
                                        "sourceAddressPrefix": "*",
                                        "destinationAddressPrefix": "10.25.4.0/24",
                                        "access": "Allow",
                                        "priority": 400,
                                        "direction": "Outbound"
                                    }
                                },
                                {
                                    "name": "Allow_Outbound_Monitor",
                                    "properties": {
                                        "protocol": "*",
                                        "sourcePortRange": "*",
                                        "destinationPortRange": "10051",
                                        "sourceAddressPrefix": "*",
                                        "destinationAddressPrefix": "10.25.7.11/32",
                                        "access": "Allow",
                                        "priority": 500,
                                        "direction": "Outbound"
                                    }
                                },
                                {
                                    "name": "Allow_Outbound_Internet",
                                    "properties": {
                                        "protocol": "*",
                                        "sourcePortRange": "*",
                                        "destinationPortRange": "*",
                                        "sourceAddressPrefix": "*",
                                        "destinationAddressPrefix": "Internet",
                                        "access": "Allow",
                                        "priority": 4000,
                                        "direction": "Outbound"
                                    }
                                },
                                {
                                    "name": "Deny_Outbound_All",
                                    "properties": {
                                        "protocol": "*",
                                        "sourcePortRange": "*",
                                        "destinationPortRange": "*",
                                        "sourceAddressPrefix": "*",
                                        "destinationAddressPrefix": "*",
                                        "access": "Deny",
                                        "priority": 4096,
                                        "direction": "Outbound"
                                    }
                                }
                            ]
                        },
                        {
                            "name": "snet-app-test-01",
                            "properties": {
                                "addressPrefix": "10.25.7.0/24",
                                "networkSecurityGroup": true,
                                "routeTable": false,
                                "natGateway": false,
                                "privateEndpointNetworkPolicies": "Enabled",
                                "privateLinkServiceNetworkPolicies": "Enabled",
                                "serviceEndpoints": []
                            },
                            "routeTable": {
                                "properties": {}
                            },
                            "securityRules": [
                                {
                                    "name": "Allow_Inbound_Bastion",
                                    "properties": {
                                        "protocol": "*",
                                        "sourcePortRange": "*",
                                        "destinationPortRanges": [
                                            "22",
                                            "3389"
                                        ],
                                        "sourceAddressPrefix": "10.25.2.0/24",
                                        "destinationAddressPrefix": "*",
                                        "access": "Allow",
                                        "priority": 100,
                                        "direction": "Inbound"
                                    }
                                },
                                {
                                    "name": "Allow_Inbound_ICMP",
                                    "properties": {
                                        "protocol": "ICMP",
                                        "sourcePortRange": "*",
                                        "destinationPortRange": "*",
                                        "sourceAddressPrefix": "10.25.5.0/24",
                                        "destinationAddressPrefix": "*",
                                        "access": "Allow",
                                        "priority": 200,
                                        "direction": "Inbound"
                                    }
                                },
                                {
                                    "name": "Allow_Inbound_Mgmt",
                                    "properties": {
                                        "protocol": "*",
                                        "sourcePortRange": "*",
                                        "destinationPortRanges": [
                                            "22",
                                            "80",
                                            "135",
                                            "139",
                                            "443",
                                            "445",
                                            "1433",
                                            "3389",
                                            "5986"
                                        ],
                                        "sourceAddressPrefix": "10.25.5.0/24",
                                        "destinationAddressPrefix": "*",
                                        "access": "Allow",
                                        "priority": 300,
                                        "direction": "Inbound"
                                    }
                                },
                                {
                                    "name": "Allow_Inbound_ActiveDirectory",
                                    "properties": {
                                        "protocol": "*",
                                        "sourcePortRange": "*",
                                        "destinationPortRanges": [
                                            "53",
                                            "88",
                                            "123",
                                            "135",
                                            "137-139",
                                            "389",
                                            "445",
                                            "464",
                                            "636",
                                            "3268-3269",
                                            "3389",
                                            "5722",
                                            "9389",
                                            "49152-65535"
                                        ],
                                        "sourceAddressPrefix": "10.25.4.0/24",
                                        "destinationAddressPrefix": "*",
                                        "access": "Allow",
                                        "priority": 400,
                                        "direction": "Inbound"
                                    }
                                },
                                {
                                    "name": "Allow_Inbound_Monitor",
                                    "properties": {
                                        "protocol": "*",
                                        "sourcePortRange": "*",
                                        "destinationPortRange": "10050",
                                        "sourceAddressPrefix": "10.25.7.11/32",
                                        "destinationAddressPrefix": "*",
                                        "access": "Allow",
                                        "priority": 500,
                                        "direction": "Inbound"
                                    }
                                },
                                {
                                    "name": "Allow_Inbound_Zabbix",
                                    "properties": {
                                        "protocol": "*",
                                        "sourcePortRange": "*",
                                        "destinationPortRange": "10051",
                                        "sourceAddressPrefix": "10.25.0.0/16",
                                        "destinationAddressPrefix": "10.25.7.11/32",
                                        "access": "Allow",
                                        "priority": 600,
                                        "direction": "Inbound"
                                    }
                                },
                                {
                                    "name": "Deny_Inbound_All",
                                    "properties": {
                                        "protocol": "*",
                                        "sourcePortRange": "*",
                                        "destinationPortRange": "*",
                                        "sourceAddressPrefix": "*",
                                        "destinationAddressPrefix": "*",
                                        "access": "Deny",
                                        "priority": 4096,
                                        "direction": "Inbound"
                                    }
                                },
                                {
                                    "name": "Allow_Outbound_ActiveDirectory",
                                    "properties": {
                                        "protocol": "*",
                                        "sourcePortRange": "*",
                                        "destinationPortRanges": [
                                            "53",
                                            "80",
                                            "88",
                                            "123",
                                            "135",
                                            "137-139",
                                            "389",
                                            "445",
                                            "464",
                                            "636",
                                            "3268-3269",
                                            "5722",
                                            "9389",
                                            "49152-65535"
                                        ],
                                        "sourceAddressPrefix": "*",
                                        "destinationAddressPrefix": "10.25.4.0/24",
                                        "access": "Allow",
                                        "priority": 400,
                                        "direction": "Outbound"
                                    }
                                },
                                {
                                    "name": "Allow_Outbound_Monitor",
                                    "properties": {
                                        "protocol": "*",
                                        "sourcePortRange": "*",
                                        "destinationPortRange": "10051",
                                        "sourceAddressPrefix": "*",
                                        "destinationAddressPrefix": "10.25.7.11/32",
                                        "access": "Allow",
                                        "priority": 500,
                                        "direction": "Outbound"
                                    }
                                },
                                {
                                    "name": "Allow_Outbound_Zabbix",
                                    "properties": {
                                        "protocol": "*",
                                        "sourcePortRange": "*",
                                        "destinationPortRange": "10050",
                                        "sourceAddressPrefix": "10.25.7.11/32",
                                        "destinationAddressPrefix": "10.25.0.0/16",
                                        "access": "Allow",
                                        "priority": 600,
                                        "direction": "Outbound"
                                    }
                                },
                                {
                                    "name": "Allow_Outbound_SQL",
                                    "properties": {
                                        "protocol": "*",
                                        "sourcePortRange": "*",
                                        "destinationPortRange": "1433",
                                        "sourceAddressPrefix": "*",
                                        "destinationAddressPrefix": "10.25.6.0/24",
                                        "access": "Allow",
                                        "priority": 1000,
                                        "direction": "Outbound"
                                    }
                                },
                                {
                                    "name": "Allow_Outbound_Internet",
                                    "properties": {
                                        "protocol": "*",
                                        "sourcePortRange": "*",
                                        "destinationPortRange": "*",
                                        "sourceAddressPrefix": "*",
                                        "destinationAddressPrefix": "Internet",
                                        "access": "Allow",
                                        "priority": 4000,
                                        "direction": "Outbound"
                                    }
                                },
                                {
                                    "name": "Deny_Outbound_All",
                                    "properties": {
                                        "protocol": "*",
                                        "sourcePortRange": "*",
                                        "destinationPortRange": "*",
                                        "sourceAddressPrefix": "*",
                                        "destinationAddressPrefix": "*",
                                        "access": "Deny",
                                        "priority": 4096,
                                        "direction": "Outbound"
                                    }
                                }
                            ]
                        },
                        {
                            "name": "snet-web-test-01",
                            "properties": {
                                "addressPrefix": "10.25.8.0/24",
                                "networkSecurityGroup": true,
                                "routeTable": false,
                                "natGateway": false,
                                "privateEndpointNetworkPolicies": "Enabled",
                                "privateLinkServiceNetworkPolicies": "Enabled",
                                "serviceEndpoints": []
                            },
                            "routeTable": {
                                "properties": {}
                            },
                            "securityRules": [
                                {
                                    "name": "Allow_Inbound_Bastion",
                                    "properties": {
                                        "protocol": "*",
                                        "sourcePortRange": "*",
                                        "destinationPortRanges": [
                                            "22",
                                            "3389"
                                        ],
                                        "sourceAddressPrefix": "10.25.2.0/24",
                                        "destinationAddressPrefix": "*",
                                        "access": "Allow",
                                        "priority": 100,
                                        "direction": "Inbound"
                                    }
                                },
                                {
                                    "name": "Allow_Inbound_ICMP",
                                    "properties": {
                                        "protocol": "ICMP",
                                        "sourcePortRange": "*",
                                        "destinationPortRange": "*",
                                        "sourceAddressPrefix": "10.25.5.0/24",
                                        "destinationAddressPrefix": "*",
                                        "access": "Allow",
                                        "priority": 200,
                                        "direction": "Inbound"
                                    }
                                },
                                {
                                    "name": "Allow_Inbound_Mgmt",
                                    "properties": {
                                        "protocol": "*",
                                        "sourcePortRange": "*",
                                        "destinationPortRanges": [
                                            "22",
                                            "80",
                                            "135",
                                            "139",
                                            "443",
                                            "445",
                                            "1433",
                                            "3389",
                                            "5986"
                                        ],
                                        "sourceAddressPrefix": "10.25.5.0/24",
                                        "destinationAddressPrefix": "*",
                                        "access": "Allow",
                                        "priority": 300,
                                        "direction": "Inbound"
                                    }
                                },
                                {
                                    "name": "Allow_Inbound_ActiveDirectory",
                                    "properties": {
                                        "protocol": "*",
                                        "sourcePortRange": "*",
                                        "destinationPortRanges": [
                                            "53",
                                            "88",
                                            "123",
                                            "135",
                                            "137-139",
                                            "389",
                                            "445",
                                            "464",
                                            "636",
                                            "3268-3269",
                                            "3389",
                                            "5722",
                                            "9389",
                                            "49152-65535"
                                        ],
                                        "sourceAddressPrefix": "10.25.4.0/24",
                                        "destinationAddressPrefix": "*",
                                        "access": "Allow",
                                        "priority": 400,
                                        "direction": "Inbound"
                                    }
                                },
                                {
                                    "name": "Allow_Inbound_Monitor",
                                    "properties": {
                                        "protocol": "*",
                                        "sourcePortRange": "*",
                                        "destinationPortRange": "10050",
                                        "sourceAddressPrefix": "10.25.7.11/32",
                                        "destinationAddressPrefix": "*",
                                        "access": "Allow",
                                        "priority": 500,
                                        "direction": "Inbound"
                                    }
                                },
                                {
                                    "name": "Allow_Inbound_Web",
                                    "properties": {
                                        "protocol": "*",
                                        "sourcePortRange": "*",
                                        "destinationPortRange": "443",
                                        "sourceAddressPrefix": "10.25.0.0/16",
                                        "destinationAddressPrefix": "*",
                                        "access": "Allow",
                                        "priority": 1000,
                                        "direction": "Inbound"
                                    }
                                },
                                {
                                    "name": "Deny_Inbound_All",
                                    "properties": {
                                        "protocol": "*",
                                        "sourcePortRange": "*",
                                        "destinationPortRange": "*",
                                        "sourceAddressPrefix": "*",
                                        "destinationAddressPrefix": "*",
                                        "access": "Deny",
                                        "priority": 4096,
                                        "direction": "Inbound"
                                    }
                                },
                                {
                                    "name": "Allow_Outbound_ActiveDirectory",
                                    "properties": {
                                        "protocol": "*",
                                        "sourcePortRange": "*",
                                        "destinationPortRanges": [
                                            "53",
                                            "80",
                                            "88",
                                            "123",
                                            "135",
                                            "137-139",
                                            "389",
                                            "445",
                                            "464",
                                            "636",
                                            "3268-3269",
                                            "5722",
                                            "9389",
                                            "49152-65535"
                                        ],
                                        "sourceAddressPrefix": "*",
                                        "destinationAddressPrefix": "10.25.4.0/24",
                                        "access": "Allow",
                                        "priority": 400,
                                        "direction": "Outbound"
                                    }
                                },
                                {
                                    "name": "Allow_Outbound_Monitor",
                                    "properties": {
                                        "protocol": "*",
                                        "sourcePortRange": "*",
                                        "destinationPortRange": "10051",
                                        "sourceAddressPrefix": "*",
                                        "destinationAddressPrefix": "10.25.7.11/32",
                                        "access": "Allow",
                                        "priority": 500,
                                        "direction": "Outbound"
                                    }
                                },
                                {
                                    "name": "Allow_Outbound_SQL",
                                    "properties": {
                                        "protocol": "*",
                                        "sourcePortRange": "*",
                                        "destinationPortRange": "1433",
                                        "sourceAddressPrefix": "*",
                                        "destinationAddressPrefix": "10.25.6.0/24",
                                        "access": "Allow",
                                        "priority": 1000,
                                        "direction": "Outbound"
                                    }
                                },
                                {
                                    "name": "Allow_Outbound_Internet",
                                    "properties": {
                                        "protocol": "*",
                                        "sourcePortRange": "*",
                                        "destinationPortRange": "*",
                                        "sourceAddressPrefix": "*",
                                        "destinationAddressPrefix": "Internet",
                                        "access": "Allow",
                                        "priority": 4000,
                                        "direction": "Outbound"
                                    }
                                },
                                {
                                    "name": "Deny_Outbound_All",
                                    "properties": {
                                        "protocol": "*",
                                        "sourcePortRange": "*",
                                        "destinationPortRange": "*",
                                        "sourceAddressPrefix": "*",
                                        "destinationAddressPrefix": "*",
                                        "access": "Deny",
                                        "priority": 4096,
                                        "direction": "Outbound"
                                    }
                                }
                            ]
                        }
                    ]
                },
                "vgwvnet01": {
                    "vpnClientAddressPool":{
                    "addressPrefixes": [
                        "10.26.0.0/16"
                    ]},
                    "vpnClientRootCertificates": [],
                      "bgpSettings": {} 
                },
                "vm": [
					{
						"name": "vmdctest01",
						"tags": {
							"Application": "Core",
							"Service": "ActiveDirectory",
							"UpdateManagement": "Critical_Monthly_GroupA"
						},
						"vmSize": "Standard_B2s",
						"plan": {},
						"imageReference": {
							"publisher": "microsoftwindowsserver",
							"offer": "windowsserver",
							"sku": "2022-datacenter",
							"version": "latest"
						},
						"osDiskSizeGB": 128,
						"dataDisks": [],
						"networkInterfaces": [
							{
								"privateIPAllocationMethod": "Static",
								"privateIPAddress": "10.25.4.11",
								"primary": true,
								"subnet": "snet-core-test-01",
								"publicIPAddress": false,
								"enableIPForwarding": false,
								"enableAcceleratedNetworking": false,
                                "applicationGatewayBackend": true
							}
						],
						"backup": {
							"enabled": false,
							"weekly": false
						},
						"monitor": {
							"alert": false,
							"enabled": false
						},
						"extensions": false
					}]
}}}}