{
  "$schema": "https://schema.management.azure.com/schemas/2019-04-01/deploymentParameters.json#",
  "contentVersion": "1.0.0.0",
  "parameters": {
    "param": {
      "value": {
        "location": "SwedenCentral",
        "locationAlt": "WestEurope",
        "tags": {
          "Application": "sys",
          "Environment": "test"
        },
        "vnet": {
          "addressPrefixes": [
            "10.0.0.0/20"
          ],
          "subnets": [
            {
              "name": "GatewaySubnet",
              "addressPrefix": "10.0.0.0/25"
            },
            {
              "name": "AzureFirewallSubnet",
              "addressPrefix": "10.0.0.128/25"
            },
            {
              "name": "AzureBastionSubnet",
              "addressPrefix": "10.0.1.0/25"
            },
            {
              "name": "snet-mgmt",
              "addressPrefix": "10.0.1.128/25",
              "rules": [
                {
                  "name": "nsgsr-allow-rdp",
                  "properties": {
                    "protocol": "*",
                    "sourcePortRange": "*",
                    "destinationPortRanges": [
                      "22",
                      "3389"
                    ],
                    "sourceAddressPrefix": "*",
                    "destinationAddressPrefix": "*",
                    "access": "Allow",
                    "priority": 100,
                    "direction": "Inbound"
                  }
                },
                {
                  "name": "nsgsr-allow-inbound",
                  "properties": {
                    "protocol": "*",
                    "sourcePortRange": "*",
                    "destinationPortRange": "*",
                    "sourceAddressPrefix": "*",
                    "destinationAddressPrefix": "*",
                    "access": "Allow",
                    "priority": 200,
                    "direction": "Inbound"
                  }
                },
                {
                  "name": "nsgsr-allow-outbound",
                  "properties": {
                    "protocol": "*",
                    "sourcePortRange": "*",
                    "destinationPortRange": "*",
                    "sourceAddressPrefix": "*",
                    "destinationAddressPrefix": "*",
                    "access": "Allow",
                    "priority": 100,
                    "direction": "Outbound"
                  }
                }
              ]
            },
            {
              "name": "snet-web",
              "addressPrefix": "10.0.2.0/25"
            },
            {
              "name": "snet-vda",
              "addressPrefix": "10.0.2.128/25"
            }
          ]
        },
        "vmss": [
          {
            "name": "vmssdevops01",
            "prefix": "vmdevops",
            "tags": {
              "Application": "DevOps",
              "Service": "DevOps Agent",
              "UpdateManagement": "Critical_Monthly_GroupA"
            },
            "vmSize": "Standard_B2ms",
            "capacity": 2,
            "plan": {},
            "imageReference": {
              "publisher": "MicrosoftWindowsServer",
              "offer": "WindowsServer",
              "sku": "2022-datacenter-azure-edition",
              "version": "latest"
            },
            "osDiskSizeGB": 127,
            "dataDisks": [],
            "networkInterfaces": [
              {
                "privateIPAllocationMethod": "Static",
                "privateIPAddress": "10.0.1.135",
                "primary": true,
                "subnet": "snet-mgmt",
                "enableIPForwarding": false,
                "enableAcceleratedNetworking": false,
                "externalloadbalancer": false
              }
            ],
            "deployDevOpsAgent": false
          }
        ]
      }
    }
  }
}