{
  "$schema": "https://schema.management.azure.com/schemas/2019-04-01/deploymentParameters.json#",
  "contentVersion": "1.0.0.0",
  "parameters": {
    "param": {
      "value": {
        "location": "SwedenCentral",
        "locationAlt": "WestEurope",
        "tags": {
          "Application": "Infra",
          "Environment": "test"
        },
        "storageAccounts": [
          {
            "name": "stapplicationxxxx01",
            "sku": "Standard_GRS",
            "containersCount": 3,
            "publicNetworkAccess": "Disabled",
            "shares": [
              {
                "name": "share01",
                "backup": true
              }
            ]
          },
          {
            "name": "stapplicationxxxx02",
            "sku": "Standard_GRS",
            "containersCount": 5,
            "publicNetworkAccess": "Enabled",
            "shares": [
              {
                "name": "share01",
                "backup": true
              },
              {
                "name": "share02",
                "backup": true
              },
              {
                "name": "share03",
                "backup": true
              }
            ]
          }
        ],
        "vnet": {
          "addressPrefixes": [
            "10.0.0.0/24"
          ],
          "subnets": [
            {
              "name": "snet-mgmt",
              "addressPrefix": "10.0.0.0/28",
              "routes": []
            },
            {
              "name": "snet-app",
              "addressPrefix": "10.0.0.16/28",
              "rules": [
                {
                  "name": "nsgsr-deny-all-inbound",
                  "properties": {
                    "access": "Deny",
                    "sourceAddressPrefix": "*",
                    "sourcePortRange": "*",
                    "destinationAddressPrefix": "*",
                    "destinationPortRange": "*",
                    "protocol": "*",
                    "priority": 4096,
                    "direction": "Inbound"
                  }
                }
              ]
            },
            {
              "name": "snet-pep",
              "addressPrefix": "10.0.0.32/28"
            }
          ]
        }
      }
    }
  }
}