{
    "$schema": "https://schema.management.azure.com/schemas/2019-04-01/deploymentParameters.json#",
    "contentVersion": "1.0.0.0",
    "parameters": {
        "param": {
            "value": {
                "location": "SwedenCentral",
                "locationAlt": "WestEurope",
                "tags": {
                    "Application": "Infra",
                    "Environment": "Test"
                },
                "id": {
                    "keyvaultadmin": "00482a5a-887f-4fb3-b363-3b7fe8e74483",
                    "contributor": "b24988ac-6180-42a0-ab88-20f7382dd24c",
                    "reader": "acdd72a7-3385-48ef-bd42-f606fba81ae7"
                }
            }
        }
    }
}