{
	"$schema": "https://schema.management.azure.com/schemas/2019-04-01/deploymentParameters.json#",
	"contentVersion": "1.0.0.0",
	"parameters": {
		"param": {
			"value": {
				"location": "SwedenCentral",
				"locationAlt": "WestEurope",
				"tags": {
					"Application": "Infra",
					"Environment": "Test"
				},
				"kv": {
					"sku": "standard",
					"enabledForDeployment": false,
					"enabledForTemplateDeployment": true,
					"enabledForDiskEncryption": true,
					"enableRbacAuthorization": true
				},
				"id": {
					"keyvaultadmin": "00482a5a-887f-4fb3-b363-3b7fe8e74483",
					"contributor": "b24988ac-6180-42a0-ab88-20f7382dd24c",
					"reader": "acdd72a7-3385-48ef-bd42-f606fba81ae7"
				},
				"vm": [
					{
						"name": "vmdcprod01",
						"tags": {
							"Application": "Core",
							"Service": "ActiveDirectory",
							"UpdateManagement": "Critical_Monthly_GroupA"
						},
						"vmSize": "Standard_B2ms",
						"plan": {},
						"imageReference": {
							"publisher": "microsoftwindowsserver",
							"offer": "windowsserver",
							"sku": "2022-datacenter",
							"version": "latest"
						},
						"osDiskSizeGB": 128,
						"dataDisks": [
							{
								"name": "dataDisk-0",
								"storageAccountType": "Premium_LRS",
								"createOption": "Empty",
								"lun": 0,
								"diskSizeGB": 16
							}
						],
						"networkInterfaces": [
							{
								"privateIPAllocationMethod": "Static",
								"privateIPAddress": "10.10.4.11",
								"primary": true,
								"subnet": "snet-core-prod-01",
								"publicIPAddress": false,
								"enableIPForwarding": false,
								"enableAcceleratedNetworking": false
							}
						],
						"backup": {
							"enabled": true,
							"weekly": false
						},
						"monitor": {
							"alert": true,
							"enabled": false
						},
						"extensions": true
					},
					{
						"name": "vmmgmtprod01",
						"tags": {
							"Application": "Management",
							"Service": "Management",
							"UpdateManagement": "Critical_Monthly_GroupB"
						},
						"vmSize": "Standard_B2ms",
						"plan": {},
						"imageReference": {
							"publisher": "microsoftwindowsserver",
							"offer": "windowsserver",
							"sku": "2022-datacenter",
							"version": "latest"
						},
						"osDiskSizeGB": 128,
						"dataDisks": [
							{
								"name": "dataDisk-0",
								"storageAccountType": "Premium_LRS",
								"createOption": "Empty",
								"lun": 0,
								"diskSizeGB": 64
							}
						],
						"networkInterfaces": [
							{
								"privateIPAllocationMethod": "Static",
								"privateIPAddress": "10.10.5.11",
								"primary": true,
								"subnet": "snet-mgmt-prod-01",
								"publicIPAddress": false,
								"enableIPForwarding": false,
								"enableAcceleratedNetworking": false
							}
						],
						"backup": {
							"enabled": true,
							"weekly": false
						},
						"monitor": {
							"alert": true,
							"enabled": false
						},
						"extensions": true
					}
				]
			}
		}
	}
}