[
    {
        "name": "Copy",
        "type": "Copy",
        "dependsOn": [],
        "policy": {
            "timeout": "0.12:00:00",
            "retry": 0,
            "retryIntervalInSeconds": 30,
            "secureOutput": false,
            "secureInput": false
        },
        "userProperties": [],
        "typeProperties": {
            "source": {
                "type": "AzureSqlSource",
                "queryTimeout": "02:00:00",
                "partitionOption": "None"
            },
            "sink": {
                "type": "AzureSqlSink",
                "preCopyScript": {
                    "value": "@{concat(\n'IF OBJECT_ID(N''dim.'\n,\npipeline().parameters.pTable\n, \n''', N''U'') IS NOT NULL TRUNCATE TABLE dim.' \n, \npipeline().parameters.pTable\n,\n' IF OBJECT_ID(N''dim.'\n,\npipeline().parameters.pTable\n, \n''', N''U'') IS NOT NULL INSERT INTO dim.'\n, \npipeline().parameters.pTable\n,\n' VALUES (0, ''Ej förtroendevald'', 0, ''Ej förtroendevald'', ''1900-01-01'', ''1900-01-01'', 0, ''Ej förtroendevald'', 0, ''Ej förtroendevald'')'\n)}",
                    "type": "Expression"
                },
                "writeBehavior": "insert",
                "sqlWriterUseTableLock": false,
                "disableMetricsCollection": false
            },
            "enableStaging": false,
            "translator": {
                "type": "TabularTranslator",
                "typeConversion": true,
                "typeConversionSettings": {
                    "allowDataTruncation": true,
                    "treatBooleanAsNumber": false
                }
            }
        },
        "inputs": [
            {
                "referenceName": "ds_source_dim",
                "type": "DatasetReference",
                "parameters": {
                    "pSourceDs": "@pipeline().parameters.pTable"
                }
            }
        ],
        "outputs": [
            {
                "referenceName": "ds_destination_dim",
                "type": "DatasetReference",
                "parameters": {
                    "pSinkDs": "@pipeline().parameters.pTable"
                }
            }
        ]
    },
    {
        "name": "Set pipeline return value",
        "type": "SetVariable",
        "dependsOn": [
            {
                "activity": "Copy",
                "dependencyConditions": [
                    "Completed"
                ]
            }
        ],
        "policy": {
            "secureOutput": false,
            "secureInput": false
        },
        "userProperties": [],
        "typeProperties": {
            "variableName": "pipelineReturnValue",
            "value": [
                {
                    "key": "vStatus",
                    "value": {
                        "type": "Expression",
                        "content": "@activity('Copy').Status"
                    }
                }
            ],
            "setSystemVariable": true
        }
    },
    {
        "name": "Log activity",
        "description": "",
        "type": "SqlServerStoredProcedure",
        "dependsOn": [
            {
                "activity": "Set pipeline return value",
                "dependencyConditions": [
                    "Completed"
                ]
            }
        ],
        "policy": {
            "timeout": "0.12:00:00",
            "retry": 0,
            "retryIntervalInSeconds": 30,
            "secureOutput": false,
            "secureInput": false
        },
        "userProperties": [],
        "typeProperties": {
            "storedProcedureName": "[dbo].[LogActivityExecution]",
            "storedProcedureParameters": {
                "ActivityName": {
                    "value": "Copy",
                    "type": "String"
                },
                "ActivityRunID": {
                    "value": {
                        "value": "@activity('Copy').ActivityRunId",
                        "type": "Expression"
                    },
                    "type": "Guid"
                },
                "ActivityType": {
                    "value": {
                        "value": "@activity('Copy').ActivityType",
                        "type": "Expression"
                    },
                    "type": "String"
                },
                "Description": {
                    "value": {
                        "value": "@concat('Kopiera källdata till  ', pipeline().parameters.pTable)",
                        "type": "Expression"
                    },
                    "type": "String"
                },
                "EndTime": {
                    "value": {
                        "value": "@convertFromUtc(\n    activity('Copy').ExecutionEndTime, \n    'W. Europe Standard Time'\n)\n\n",
                        "type": "Expression"
                    },
                    "type": "DateTime"
                },
                "InsertRowCount": {
                    "value": {
                        "value": "@activity('Copy').output.rowsCopied",
                        "type": "Expression"
                    },
                    "type": "Int32"
                },
                "MaxSurrogateKey": {
                    "value": null,
                    "type": "Int32"
                },
                "PipelineRunID": {
                    "value": {
                        "value": "@activity('Copy').PipelineRunId",
                        "type": "Expression"
                    },
                    "type": "Guid"
                },
                "StartTime": {
                    "value": {
                        "value": "@convertFromUtc(\n    activity('Copy').ExecutionStartTime, \n    'W. Europe Standard Time'\n)\n\n",
                        "type": "Expression"
                    },
                    "type": "DateTime"
                },
                "Status": {
                    "value": {
                        "value": "@activity('Copy').Status",
                        "type": "Expression"
                    },
                    "type": "String"
                },
                "UpdateRowCount": {
                    "value": null,
                    "type": "Int32"
                }
            }
        },
        "linkedServiceName": {
            "referenceName": "linked_sql_mid",
            "type": "LinkedServiceReference"
        }
    },
    {
        "name": "Log pipeline",
        "description": "",
        "type": "SqlServerStoredProcedure",
        "dependsOn": [
            {
                "activity": "Log activity",
                "dependencyConditions": [
                    "Completed"
                ]
            }
        ],
        "policy": {
            "timeout": "0.12:00:00",
            "retry": 0,
            "retryIntervalInSeconds": 30,
            "secureOutput": false,
            "secureInput": false
        },
        "userProperties": [],
        "typeProperties": {
            "storedProcedureName": "[dbo].[LogPipelineExecution]",
            "storedProcedureParameters": {
                "Description": {
                    "value": {
                        "value": "@concat('Hämtar ', pipeline().parameters.pTable, ' från Komet')",
                        "type": "Expression"
                    },
                    "type": "String"
                },
                "EndTime": {
                    "value": {
                        "value": "@convertFromUtc(utcnow(), 'W. Europe Standard Time')",
                        "type": "Expression"
                    },
                    "type": "DateTime"
                },
                "InterfaceID": {
                    "value": "Komet",
                    "type": "String"
                },
                "ParentPipelineRunID": {
                    "value": {
                        "value": "@pipeline()?.TriggeredByPipelineRunId",
                        "type": "Expression"
                    },
                    "type": "Guid"
                },
                "PipelineName": {
                    "value": {
                        "value": "@pipeline().Pipeline",
                        "type": "Expression"
                    },
                    "type": "String"
                },
                "PipelineRunID": {
                    "value": {
                        "value": "@pipeline().RunId",
                        "type": "Expression"
                    },
                    "type": "Guid"
                },
                "PipelineType": {
                    "value": "Child",
                    "type": "String"
                },
                "StartTime": {
                    "value": {
                        "value": "@convertFromUtc(pipeline().TriggerTime, 'W. Europe Standard Time')",
                        "type": "Expression"
                    },
                    "type": "DateTime"
                },
                "Status": {
                    "value": {
                        "value": "@activity('Copy').Status\n",
                        "type": "Expression"
                    },
                    "type": "String"
                }
            }
        },
        "linkedServiceName": {
            "referenceName": "linked_sql_mid",
            "type": "LinkedServiceReference"
        }
    }
]