{ 
    "$schema": "https://schema.management.azure.com/schemas/2019-04-01/deploymentParameters.json#",
    "contentVersion": "1.0.0.0",
    "parameters": {
        "param":{
            "value": {
                "location": "SwedenCentral",
				"locationAlt": "WestEurope",
				"tags": {
					"Application": "Infra",
					"Environment": "test"
                    },
                "rsv": {
                    "sku": {
                        "name": "RS0",
                        "tier": "Standard"
                    },
                    "scheduleRunTimes": [
                        "22:30:00"
                    ],
                    "retentionTimes": [
                        "22:30:00"
                    ],
                    "retentionDays": 30,
                    "timeZone": "UTC",
                    "daysOfTheWeek": [
                        "Saturday"
                    ],
                    "retentionWeeks": 4
                },
                "runbooks": {
                    "sqlbackup": {
                        "runbookname": "run-BackupSqlVm01",
                        "description": "Additional backup for SQL servers. Kept for 14 days",
                        "frequency": "Day",
                        "interval": 1,
                        "startTime01": "08:00:00",
                        "startTime02": "11:00:00",
                        "startTime03": "14:00:00"
                    },
                    "stopstartvm": {
                        "runbookname01": "run-StopVm01",
                        "runbookname02": "run-StartVm01",
                        "runbookname03": "run-StopVm02",
                        "runbookname04": "run-StartVm02",
                        "stopvmtime": "18:00",
                        "startvmtime": "04:00"
                    }
                },
                "id": {
                    "keyvaultadmin": "00482a5a-887f-4fb3-b363-3b7fe8e74483",
                    "contributor": "b24988ac-6180-42a0-ab88-20f7382dd24c",
                    "reader": "acdd72a7-3385-48ef-bd42-f606fba81ae7"
                }
}}}}