{ 
    "$schema": "https://schema.management.azure.com/schemas/2019-04-01/deploymentParameters.json#",
    "contentVersion": "1.0.0.0",
    "parameters": {
        "param":{
            "value": {
                "location": "SwedenCentral",
				"locationAlt": "WestEurope",
				"tags": {
					"Application": "Infra",
					"Environment": "Test"
                    },
                "log": {
                    "sku": "perGB2018",
                    "retention": 30,
                    "solutions": [
                        "VMInsights",
                        "Updates",
                        "Security",
                        "ServiceMap",
                        "ChangeTracking"
                    ],
                    "events": [
                        "System",
                        "Application"
                    ]
                },
                "itglueint":{
                    "kvname": "kv-itglue-test-01",
                    "appclientid": "xxxxxxx-197f-4919-8e4f-xxxxxxxxx",
                    "appclientsecret": "Kh78Q~fxxxxxxxxxxEBj49e6MNmNDhScKq",
                    "ItGlueApiKey":"",
                    "ItGlueOrgId":""

                },
                "id": {
					"keyvaultadmin": "00482a5a-887f-4fb3-b363-3b7fe8e74483",
					"contributor": "b24988ac-6180-42a0-ab88-20f7382dd24c",
					"reader": "acdd72a7-3385-48ef-bd42-f606fba81ae7",
					"group": {
                        "name": "grp-xxx-operations",
                        "sid": "xxxxxxx-7e5d-4c75-96f4-xxxxxxxxxx"
                    }
				},
                "webtests":[]
}}}}