{
    "$schema": "https://schema.management.azure.com/schemas/2019-04-01/deploymentParameters.json#",
    "contentVersion": "1.0.0.0",
    "parameters": {
        "config": {
            "value": {
                "product": "infra",
                "location": "se",
                "tags": {
                    "Product": "Common Infrastructure",
                    "Environment": "Production",
                    "CostCenter": "0000"
                }
            }
        }
    }
}