{
  "$schema": "https://schema.management.azure.com/schemas/2019-04-01/deploymentParameters.json#",
  "contentVersion": "1.0.0.0",
  "parameters": {
    "param": {
      "value": {
        "location": "SwedenCentral",
        "locationAlt": "WestEurope",
        "tags": {
          "Application": "Infra",
          "Environment": "test"
        },
        "vnet": {
          "addressPrefixes": [
            "10.0.0.0/24"
          ],
          "subnets": [
            {
              "name": "snet-mgmt",
              "addressPrefix": "10.0.0.0/27",
              "routes": []
            },
            {
              "name": "snet-app",
              "addressPrefix": "10.0.0.32/27",
              "rules": [
                {
                  "name": "nsgsr-deny-all-inbound",
                  "properties": {
                    "access": "Deny",
                    "sourceAddressPrefix": "*",
                    "sourcePortRange": "*",
                    "destinationAddressPrefix": "*",
                    "destinationPortRange": "*",
                    "protocol": "*",
                    "priority": 4096,
                    "direction": "Inbound"
                  }
                }
              ]
            },
            {
              "name": "snet-pep",
              "addressPrefix": "10.0.0.64/27"
            }
          ]
        }
      }
    }
  }
}