{
	"$schema": "https://schema.management.azure.com/schemas/2019-04-01/deploymentParameters.json#",
	"contentVersion": "1.0.0.0",
	"parameters": {
		"param": {
			"value": {
				"location": "SwedenCentral",
				"locationAlt": "WestEurope",
				"tags": {
					"Application": "Infra",
					"Environment": "dev"
				},
				"availabilitysets": [
					"vmadcprod01"
				],
				"vnet": {
					"addressPrefixes": [
						"10.10.0.0/16"
					],
					"dnsServers": [
						"10.10.4.11"
					],
					"peerings": [],
					"natGateway": false,
					"subnets": [
						{
							"name": "GatewaySubnet",
							"properties": {
								"addressPrefix": "10.10.0.0/24",
								"networkSecurityGroup": false,
								"routeTable": false,
								"natGateway": false,
								"privateEndpointNetworkPolicies": "Enabled"
							},
							"routeTable": {
								"properties": {}
							},
							"securityRules": []
						},
						{
							"name": "AzureFirewallSubnet",
							"properties": {
								"addressPrefix": "10.10.1.0/24",
								"networkSecurityGroup": false,
								"routeTable": false,
								"natGateway": false,
								"privateEndpointNetworkPolicies": "Enabled"
							},
							"routeTable": {
								"properties": {}
							},
							"securityRules": []
						},
						{
							"name": "AzureBastionSubnet",
							"properties": {
								"addressPrefix": "10.10.2.0/24",
								"networkSecurityGroup": true,
								"routeTable": false,
								"natGateway": false,
								"privateEndpointNetworkPolicies": "Enabled"
							},
							"routeTable": {
								"properties": {}
							},
							"securityRules": [
								{
									"name": "Allow_Inbound_Monitor",
									"properties": {
										"protocol": "*",
										"sourcePortRange": "*",
										"destinationPortRange": "10050",
										"sourceAddressPrefix": "10.10.7.11/32",
										"destinationAddressPrefix": "*",
										"access": "Allow",
										"priority": 500,
										"direction": "Inbound"
									}
								},
								{
									"name": "Deny_Inbound_All",
									"properties": {
										"protocol": "*",
										"sourcePortRange": "*",
										"destinationPortRange": "*",
										"sourceAddressPrefix": "*",
										"destinationAddressPrefix": "*",
										"access": "Deny",
										"priority": 4096,
										"direction": "Inbound"
									}
								},
								{
									"name": "Allow_Inbound_Https",
									"properties": {
										"protocol": "TCP",
										"sourcePortRange": "*",
										"destinationPortRange": "443",
										"sourceAddressPrefix": "Internet",
										"destinationAddressPrefix": "*",
										"access": "Allow",
										"priority": 1000,
										"direction": "Inbound"
									}
								},
								{
									"name": "Allow_Inbound_GatewayManager",
									"properties": {
										"protocol": "TCP",
										"sourcePortRange": "*",
										"destinationPortRange": "443",
										"sourceAddressPrefix": "GatewayManager",
										"destinationAddressPrefix": "*",
										"access": "Allow",
										"priority": 1100,
										"direction": "Inbound"
									}
								},
								{
									"name": "Allow_Inbound_AzureLoadBalancer",
									"properties": {
										"protocol": "TCP",
										"sourcePortRange": "*",
										"destinationPortRange": "443",
										"sourceAddressPrefix": "AzureLoadBalancer",
										"destinationAddressPrefix": "*",
										"access": "Allow",
										"priority": 1200,
										"direction": "Inbound"
									}
								},
								{
									"name": "Allow_Inbound_BastionHost",
									"properties": {
										"protocol": "*",
										"sourcePortRange": "*",
										"destinationPortRanges": [
											"8080",
											"5701"
										],
										"sourceAddressPrefix": "VirtualNetwork",
										"destinationAddressPrefix": "VirtualNetwork",
										"access": "Allow",
										"priority": 1300,
										"direction": "Inbound"
									}
								},
								{
									"name": "Deny_Outbound_All",
									"properties": {
										"protocol": "*",
										"sourcePortRange": "*",
										"destinationPortRange": "*",
										"sourceAddressPrefix": "*",
										"destinationAddressPrefix": "*",
										"access": "Deny",
										"priority": 4096,
										"direction": "Outbound"
									}
								},
								{
									"name": "Allow_Outbound_RdpSsh",
									"properties": {
										"protocol": "*",
										"sourcePortRange": "*",
										"destinationPortRanges": [
											"22",
											"3389"
										],
										"sourceAddressPrefix": "*",
										"destinationAddressPrefix": "VirtualNetwork",
										"access": "Allow",
										"priority": 1000,
										"direction": "Outbound"
									}
								},
								{
									"name": "Allow_Outbound_AzureCloud",
									"properties": {
										"protocol": "TCP",
										"sourcePortRange": "*",
										"destinationPortRange": "443",
										"sourceAddressPrefix": "*",
										"destinationAddressPrefix": "AzureCloud",
										"access": "Allow",
										"priority": 1100,
										"direction": "Outbound"
									}
								},
								{
									"name": "Allow_Outbound_BastionHost",
									"properties": {
										"protocol": "TCP",
										"sourcePortRange": "*",
										"destinationPortRanges": [
											"8080",
											"5701"
										],
										"sourceAddressPrefix": "VirtualNetwork",
										"destinationAddressPrefix": "VirtualNetwork",
										"access": "Allow",
										"priority": 1200,
										"direction": "Outbound"
									}
								},
								{
									"name": "Allow_Outbound_SessionInformation",
									"properties": {
										"protocol": "*",
										"sourcePortRange": "*",
										"destinationPortRange": "80",
										"sourceAddressPrefix": "*",
										"destinationAddressPrefix": "Internet",
										"access": "Allow",
										"priority": 1300,
										"direction": "Outbound"
									}
								}
							]
						},
						{
							"name": "snet-pe-prod-01",
							"properties": {
								"addressPrefix": "10.10.3.0/24",
								"networkSecurityGroup": true,
								"routeTable": false,
								"natGateway": false,
								"privateEndpointNetworkPolicies": "Disabled"
							},
							"routeTable": {
								"properties": {}
							},
							"securityRules": [
								{
									"name": "Allow_Inbound_Monitor",
									"properties": {
										"protocol": "*",
										"sourcePortRange": "*",
										"destinationPortRange": "10050",
										"sourceAddressPrefix": "10.10.7.11/32",
										"destinationAddressPrefix": "*",
										"access": "Allow",
										"priority": 500,
										"direction": "Inbound"
									}
								},
								{
									"name": "Deny_Inbound_All",
									"properties": {
										"protocol": "*",
										"sourcePortRange": "*",
										"destinationPortRange": "*",
										"sourceAddressPrefix": "*",
										"destinationAddressPrefix": "*",
										"access": "Deny",
										"priority": 4096,
										"direction": "Inbound"
									}
								},
								{
									"name": "Deny_Outbound_All",
									"properties": {
										"protocol": "*",
										"sourcePortRange": "*",
										"destinationPortRange": "*",
										"sourceAddressPrefix": "*",
										"destinationAddressPrefix": "*",
										"access": "Deny",
										"priority": 4096,
										"direction": "Outbound"
									}
								}
							]
						},
						{
							"name": "snet-core-prod-01",
							"properties": {
								"addressPrefix": "10.10.4.0/24",
								"networkSecurityGroup": true,
								"routeTable": false,
								"natGateway": false,
								"privateEndpointNetworkPolicies": "Enabled"
							},
							"routeTable": {
								"properties": {}
							},
							"securityRules": [
								{
									"name": "Allow_Inbound_Bastion",
									"properties": {
										"protocol": "*",
										"sourcePortRange": "*",
										"destinationPortRanges": [
											"22",
											"3389"
										],
										"sourceAddressPrefix": "10.10.2.0/24",
										"destinationAddressPrefix": "*",
										"access": "Allow",
										"priority": 100,
										"direction": "Inbound"
									}
								},
								{
									"name": "Allow_Inbound_ICMP",
									"properties": {
										"protocol": "ICMP",
										"sourcePortRange": "*",
										"destinationPortRange": "*",
										"sourceAddressPrefix": "10.10.5.0/24",
										"destinationAddressPrefix": "*",
										"access": "Allow",
										"priority": 200,
										"direction": "Inbound"
									}
								},
								{
									"name": "Allow_Inbound_ICMP_OLD",
									"properties": {
										"protocol": "ICMP",
										"sourcePortRange": "*",
										"destinationPortRange": "*",
										"sourceAddressPrefixes": [
											"10.112.0.0/17",
											"10.114.0.0/24",
											"10.113.0.0/24"
										],
										"destinationAddressPrefix": "*",
										"access": "Allow",
										"priority": 250,
										"direction": "Inbound"
									}
								},
								{
									"name": "Allow_Inbound_Mgmt",
									"properties": {
										"protocol": "*",
										"sourcePortRange": "*",
										"destinationPortRanges": [
											"22",
											"80",
											"135",
											"139",
											"443",
											"445",
											"1433",
											"3389",
											"5986"
										],
										"sourceAddressPrefix": "10.10.5.0/24",
										"destinationAddressPrefix": "*",
										"access": "Allow",
										"priority": 300,
										"direction": "Inbound"
									}
								},
								{
									"name": "Allow_Inbound_ActiveDirectory",
									"properties": {
										"protocol": "*",
										"sourcePortRange": "*",
										"destinationPortRanges": [
											"53",
											"67",
											"80",
											"88",
											"123",
											"135",
											"137-139",
											"389",
											"443",
											"445",
											"464",
											"636",
											"3268-3269",
											"5722",
											"5985",
											"9389",
											"49152-65535"
										],
										"sourceAddressPrefixes": [
											"10.10.4.0/24",
											"10.10.5.0/24",
											"10.10.6.0/24",
											"10.10.7.0/24",
											"10.10.8.0/24",
											"10.10.9.0/24",
											"10.10.10.0/24",
											"10.15.0.0/24"
										],
										"destinationAddressPrefix": "*",
										"access": "Allow",
										"priority": 400,
										"direction": "Inbound"
									}
								},
								{
									"name": "Allow_Inbound_ActiveDirectory_OLD",
									"properties": {
										"protocol": "*",
										"sourcePortRange": "*",
										"destinationPortRanges": [
											"53",
											"80",
											"88",
											"123",
											"135",
											"137-139",
											"389",
											"445",
											"464",
											"636",
											"3268-3269",
											"5722",
											"9389",
											"49152-65535"
										],
										"sourceAddressPrefixes": [
											"10.112.0.0/16",
											"10.114.0.0/24"
										],
										"destinationAddressPrefix": "*",
										"access": "Allow",
										"priority": 450,
										"direction": "Inbound"
									}
								},
								{
									"name": "Allow_Inbound_Monitor",
									"properties": {
										"protocol": "*",
										"sourcePortRange": "*",
										"destinationPortRange": "10050",
										"sourceAddressPrefix": "10.10.7.11/32",
										"destinationAddressPrefix": "*",
										"access": "Allow",
										"priority": 500,
										"direction": "Inbound"
									}
								},
								{
									"name": "Allow_Inbound_RDP_OLD",
									"properties": {
										"protocol": "*",
										"sourcePortRange": "*",
										"destinationPortRange": "3389",
										"sourceAddressPrefixes": [
											"10.112.0.0/16",
											"10.114.0.0/24"
										],
										"destinationAddressPrefix": "*",
										"access": "Allow",
										"priority": 600,
										"direction": "Inbound"
									}
								},
								{
									"name": "Allow_Inbound_RDP_P2S",
									"properties": {
										"protocol": "*",
										"sourcePortRange": "*",
										"destinationPortRange": "3389",
										"sourceAddressPrefix": "10.15.0.0/24",
										"destinationAddressPrefix": "*",
										"access": "Allow",
										"priority": 700,
										"direction": "Inbound"
									}
								},
								{
									"name": "Allow_Inbound_LB",
									"properties": {
										"protocol": "*",
										"sourcePortRange": "*",
										"destinationPortRange": "*",
										"sourceAddressPrefix": "AzureLoadBalancer",
										"destinationAddressPrefix": "*",
										"access": "Allow",
										"priority": 800,
										"direction": "Inbound"
									}
								},
								{
									"name": "Deny_Inbound_All",
									"properties": {
										"protocol": "*",
										"sourcePortRange": "*",
										"destinationPortRange": "*",
										"sourceAddressPrefix": "*",
										"destinationAddressPrefix": "*",
										"access": "Deny",
										"priority": 4096,
										"direction": "Inbound"
									}
								},
								{
									"name": "Allow_Outbound_ActiveDirectory",
									"properties": {
										"protocol": "*",
										"sourcePortRange": "*",
										"destinationPortRanges": [
											"53",
											"88",
											"123",
											"135",
											"137-139",
											"389",
											"445",
											"464",
											"636",
											"3268-3269",
											"3389",
											"5722",
											"49152-65535"
										],
										"sourceAddressPrefix": "*",
										"destinationAddressPrefixes": [
											"10.10.4.0/24",
											"10.10.5.0/24",
											"10.10.6.0/24",
											"10.10.7.0/24",
											"10.10.8.0/24",
											"10.10.9.0/24",
											"10.10.10.0/24"
										],
										"access": "Allow",
										"priority": 400,
										"direction": "Outbound"
									}
								},
								{
									"name": "Allow_Outbound_ActiveDirectory_OLD",
									"properties": {
										"protocol": "*",
										"sourcePortRange": "*",
										"destinationPortRanges": [
											"53",
											"88",
											"123",
											"135",
											"137-139",
											"389",
											"445",
											"464",
											"636",
											"3268-3269",
											"3389",
											"5722",
											"49152-65535"
										],
										"sourceAddressPrefix": "*",
										"destinationAddressPrefixes": [
											"10.112.0.0/16",
											"10.114.0.0/24"
										],
										"access": "Allow",
										"priority": 450,
										"direction": "Outbound"
									}
								},
								{
									"name": "Allow_Outbound_Monitor",
									"properties": {
										"protocol": "*",
										"sourcePortRange": "*",
										"destinationPortRange": "10051",
										"sourceAddressPrefix": "*",
										"destinationAddressPrefix": "10.10.7.11/32",
										"access": "Allow",
										"priority": 500,
										"direction": "Outbound"
									}
								},
								{
									"name": "Allow_Outbound_Sjunet",
									"properties": {
										"protocol": "*",
										"sourcePortRange": "*",
										"destinationPortRange": "*",
										"sourceAddressPrefix": "*",
										"destinationAddressPrefixes": [
											"213.189.127.54/32",
											"213.189.126.58/32",
											"82.136.176.196/32"
										],
										"access": "Allow",
										"priority": 600,
										"direction": "Outbound"
									}
								},
								{
									"name": "Allow_Outbound_Internet",
									"properties": {
										"protocol": "*",
										"sourcePortRange": "*",
										"destinationPortRange": "*",
										"sourceAddressPrefix": "*",
										"destinationAddressPrefix": "Internet",
										"access": "Allow",
										"priority": 4000,
										"direction": "Outbound"
									}
								},
								{
									"name": "Deny_Outbound_All",
									"properties": {
										"protocol": "*",
										"sourcePortRange": "*",
										"destinationPortRange": "*",
										"sourceAddressPrefix": "*",
										"destinationAddressPrefix": "*",
										"access": "Deny",
										"priority": 4096,
										"direction": "Outbound"
									}
								}
							]
						},
						{
							"name": "snet-mgmt-prod-01",
							"properties": {
								"addressPrefix": "10.10.5.0/24",
								"networkSecurityGroup": true,
								"routeTable": false,
								"natGateway": false,
								"privateEndpointNetworkPolicies": "Enabled"
							},
							"routeTable": {
								"properties": {}
							},
							"securityRules": [
								{
									"name": "Allow_Inbound_Bastion",
									"properties": {
										"protocol": "*",
										"sourcePortRange": "*",
										"destinationPortRanges": [
											"22",
											"3389"
										],
										"sourceAddressPrefix": "10.10.2.0/24",
										"destinationAddressPrefix": "*",
										"access": "Allow",
										"priority": 100,
										"direction": "Inbound"
									}
								},
								{
									"name": "Allow_Inbound_ICMP",
									"properties": {
										"protocol": "ICMP",
										"sourcePortRange": "*",
										"destinationPortRange": "*",
										"sourceAddressPrefix": "10.10.5.0/24",
										"destinationAddressPrefix": "*",
										"access": "Allow",
										"priority": 200,
										"direction": "Inbound"
									}
								},
								{
									"name": "Allow_Inbound_Mgmt",
									"properties": {
										"protocol": "*",
										"sourcePortRange": "*",
										"destinationPortRanges": [
											"22",
											"80",
											"135",
											"139",
											"443",
											"445",
											"1433",
											"3389",
											"5986"
										],
										"sourceAddressPrefix": "10.10.5.0/24",
										"destinationAddressPrefix": "*",
										"access": "Allow",
										"priority": 300,
										"direction": "Inbound"
									}
								},
								{
									"name": "Allow_Inbound_ActiveDirectory",
									"properties": {
										"protocol": "*",
										"sourcePortRange": "*",
										"destinationPortRanges": [
											"53",
											"88",
											"123",
											"135",
											"137-139",
											"389",
											"445",
											"464",
											"636",
											"3268-3269",
											"3389",
											"5722",
											"9389",
											"49152-65535"
										],
										"sourceAddressPrefix": "10.10.4.0/24",
										"destinationAddressPrefix": "*",
										"access": "Allow",
										"priority": 400,
										"direction": "Inbound"
									}
								},
								{
									"name": "Allow_Inbound_ActiveDirectory_OLD",
									"properties": {
										"protocol": "*",
										"sourcePortRange": "*",
										"destinationPortRanges": [
											"53",
											"88",
											"123",
											"135",
											"137-139",
											"389",
											"445",
											"464",
											"636",
											"3268-3269",
											"3389",
											"5722",
											"9389",
											"49152-65535"
										],
										"sourceAddressPrefixes": [
											"10.112.0.0/16",
											"10.114.0.0/24"
										],
										"destinationAddressPrefix": "*",
										"access": "Allow",
										"priority": 450,
										"direction": "Inbound"
									}
								},
								{
									"name": "Allow_Inbound_Monitor",
									"properties": {
										"protocol": "*",
										"sourcePortRange": "*",
										"destinationPortRange": "10050",
										"sourceAddressPrefix": "10.10.7.11/32",
										"destinationAddressPrefix": "*",
										"access": "Allow",
										"priority": 500,
										"direction": "Inbound"
									}
								},
								{
									"name": "Allow_Inbound_Files",
									"properties": {
										"protocol": "*",
										"sourcePortRange": "*",
										"destinationPortRange": "445",
										"sourceAddressPrefix": "10.10.0.0/16",
										"destinationAddressPrefix": "*",
										"access": "Allow",
										"priority": 600,
										"direction": "Inbound"
									}
								},
								{
									"name": "Allow_Inbound_RDP_OLD",
									"properties": {
										"protocol": "*",
										"sourcePortRange": "*",
										"destinationPortRange": "3389",
										"sourceAddressPrefixes": [
											"10.112.0.0/16",
											"10.114.0.0/24"
										],
										"destinationAddressPrefix": "*",
										"access": "Allow",
										"priority": 700,
										"direction": "Inbound"
									}
								},
								{
									"name": "Allow_Inbound_PrivateEndpoint",
									"properties": {
										"protocol": "*",
										"sourcePortRange": "*",
										"destinationPortRange": "443",
										"sourceAddressPrefix": "10.10.5.0/24",
										"destinationAddressPrefix": "10.10.3.0/24",
										"access": "Allow",
										"priority": 800,
										"direction": "Inbound"
									}
								},
								{
									"name": "Allow_Inbound_RDP_P2S",
									"properties": {
										"protocol": "*",
										"sourcePortRange": "*",
										"destinationPortRange": "3389",
										"sourceAddressPrefix": "10.15.0.0/24",
										"destinationAddressPrefix": "*",
										"access": "Allow",
										"priority": 900,
										"direction": "Inbound"
									}
								},
								{
									"name": "Allow_Inbound_Ctx_Services_VDA",
									"properties": {
										"protocol": "*",
										"sourcePortRange": "*",
										"destinationPortRanges": [
											"80",
											"135",
											"443",
											"445",
											"6910-6969",
											"49152-65535"
										],
										"sourceAddressPrefix": "10.10.9.0/24",
										"destinationAddressPrefix": "10.10.5.0/24",
										"access": "Allow",
										"priority": 1000,
										"direction": "Inbound"
									}
								},
								{
									"name": "Allow_Inbound_LB",
									"properties": {
										"protocol": "*",
										"sourcePortRange": "*",
										"destinationPortRange": "*",
										"sourceAddressPrefix": "AzureLoadBalancer",
										"destinationAddressPrefix": "*",
										"access": "Allow",
										"priority": 1100,
										"direction": "Inbound"
									}
								},
								{
									"name": "Allow_Inbound_ADC",
									"properties": {
										"protocol": "*",
										"sourcePortRange": "*",
										"destinationPortRanges": [
											"443",
											"3003",
											"3008",
											"3009"
										],
										"sourceAddressPrefix": "10.10.0.0/16",
										"destinationAddressPrefixes": [
											"10.10.5.200",
											"10.10.5.201"
										],
										"access": "Allow",
										"priority": 1200,
										"direction": "Inbound"
									}
								},
								{
									"name": "Deny_Inbound_All",
									"properties": {
										"protocol": "*",
										"sourcePortRange": "*",
										"destinationPortRange": "*",
										"sourceAddressPrefix": "*",
										"destinationAddressPrefix": "*",
										"access": "Deny",
										"priority": 4096,
										"direction": "Inbound"
									}
								},
								{
									"name": "Allow_Outbound_ICMP",
									"properties": {
										"protocol": "ICMP",
										"sourcePortRange": "*",
										"destinationPortRange": "*",
										"sourceAddressPrefix": "*",
										"destinationAddressPrefix": "10.10.0.0/16",
										"access": "Allow",
										"priority": 200,
										"direction": "Outbound"
									}
								},
								{
									"name": "Allow_Outbound_Mgmt",
									"properties": {
										"protocol": "*",
										"sourcePortRange": "*",
										"destinationPortRanges": [
											"22",
											"80",
											"135",
											"139",
											"443",
											"445",
											"1433",
											"3389",
											"5986"
										],
										"sourceAddressPrefix": "*",
										"destinationAddressPrefix": "10.10.0.0/16",
										"access": "Allow",
										"priority": 300,
										"direction": "Outbound"
									}
								},
								{
									"name": "Allow_Outbound_ActiveDirectory",
									"properties": {
										"protocol": "*",
										"sourcePortRange": "*",
										"destinationPortRanges": [
											"53",
											"80",
											"88",
											"123",
											"135",
											"137-139",
											"389",
											"445",
											"464",
											"636",
											"3268-3269",
											"5722",
											"9389",
											"49152-65535"
										],
										"sourceAddressPrefix": "*",
										"destinationAddressPrefix": "10.10.4.0/24",
										"access": "Allow",
										"priority": 400,
										"direction": "Outbound"
									}
								},
								{
									"name": "Allow_Outbound_ActiveDirectory_OLD",
									"properties": {
										"protocol": "*",
										"sourcePortRange": "*",
										"destinationPortRanges": [
											"53",
											"80",
											"88",
											"123",
											"135",
											"137-139",
											"389",
											"445",
											"464",
											"636",
											"3268-3269",
											"5722",
											"9389",
											"49152-65535"
										],
										"sourceAddressPrefix": "*",
										"destinationAddressPrefixes": [
											"10.112.0.0/16",
											"10.114.0.0/24"
										],
										"access": "Allow",
										"priority": 450,
										"direction": "Outbound"
									}
								},
								{
									"name": "Allow_Outbound_Monitor",
									"properties": {
										"protocol": "*",
										"sourcePortRange": "*",
										"destinationPortRange": "10051",
										"sourceAddressPrefix": "*",
										"destinationAddressPrefix": "10.10.7.11/32",
										"access": "Allow",
										"priority": 500,
										"direction": "Outbound"
									}
								},
								{
									"name": "Allow_Outbound_Rdp_OLD",
									"properties": {
										"protocol": "*",
										"sourcePortRange": "*",
										"destinationPortRange": "3389",
										"sourceAddressPrefix": "*",
										"destinationAddressPrefixes": [
											"10.112.0.0/16",
											"10.114.0.0/24"
										],
										"access": "Allow",
										"priority": 600,
										"direction": "Outbound"
									}
								},
								{
									"name": "Allow_Outbound_PrivateEndpoint",
									"properties": {
										"protocol": "*",
										"sourcePortRange": "*",
										"destinationPortRange": "443",
										"sourceAddressPrefix": "10.10.5.0/24",
										"destinationAddressPrefix": "10.10.3.0/24",
										"access": "Allow",
										"priority": 700,
										"direction": "Outbound"
									}
								},
								{
									"name": "Allow_Outbound_Ctx_Services",
									"properties": {
										"protocol": "*",
										"sourcePortRange": "*",
										"destinationPortRanges": [
											"80",
											"135",
											"443",
											"445",
											"6910-6969",
											"49152-65535"
										],
										"sourceAddressPrefix": "10.10.5.0/24",
										"destinationAddressPrefix": "10.10.9.0/24",
										"access": "Allow",
										"priority": 800,
										"direction": "Outbound"
									}
								},
								{
									"name": "Allow_Outbound_ADC",
									"properties": {
										"protocol": "*",
										"sourcePortRange": "*",
										"destinationPortRanges": [
											"443",
											"3003",
											"3008",
											"3009"
										],
										"sourceAddressPrefixes": [
											"10.10.5.200",
											"10.10.5.201"
										],
										"destinationAddressPrefix": "*",
										"access": "Allow",
										"priority": 900,
										"direction": "Outbound"
									}
								},
								{
									"name": "Allow_Outbound_Internet",
									"properties": {
										"protocol": "*",
										"sourcePortRange": "*",
										"destinationPortRange": "*",
										"sourceAddressPrefix": "*",
										"destinationAddressPrefix": "Internet",
										"access": "Allow",
										"priority": 4000,
										"direction": "Outbound"
									}
								},
								{
									"name": "Deny_Outbound_All",
									"properties": {
										"protocol": "*",
										"sourcePortRange": "*",
										"destinationPortRange": "*",
										"sourceAddressPrefix": "*",
										"destinationAddressPrefix": "*",
										"access": "Deny",
										"priority": 4096,
										"direction": "Outbound"
									}
								}
							]
						},
						{
							"name": "snet-sql-prod-01",
							"properties": {
								"addressPrefix": "10.10.6.0/24",
								"networkSecurityGroup": true,
								"routeTable": false,
								"natGateway": false,
								"privateEndpointNetworkPolicies": "Enabled"
							},
							"routeTable": {
								"properties": {}
							},
							"securityRules": [
								{
									"name": "Allow_Inbound_Bastion",
									"properties": {
										"protocol": "*",
										"sourcePortRange": "*",
										"destinationPortRanges": [
											"22",
											"3389"
										],
										"sourceAddressPrefix": "10.10.2.0/24",
										"destinationAddressPrefix": "*",
										"access": "Allow",
										"priority": 100,
										"direction": "Inbound"
									}
								},
								{
									"name": "Allow_Inbound_ICMP_OLD",
									"properties": {
										"protocol": "ICMP",
										"sourcePortRange": "*",
										"destinationPortRange": "*",
										"sourceAddressPrefixes": [
											"10.112.0.0/16",
											"10.114.0.0/24"
										],
										"destinationAddressPrefix": "*",
										"access": "Allow",
										"priority": 200,
										"direction": "Inbound"
									}
								},
								{
									"name": "Allow_Inbound_Mgmt",
									"properties": {
										"protocol": "*",
										"sourcePortRange": "*",
										"destinationPortRanges": [
											"22",
											"80",
											"135",
											"139",
											"443",
											"445",
											"1433",
											"3389",
											"5986"
										],
										"sourceAddressPrefix": "10.10.5.0/24",
										"destinationAddressPrefix": "*",
										"access": "Allow",
										"priority": 300,
										"direction": "Inbound"
									}
								},
								{
									"name": "Allow_Inbound_ActiveDirectory",
									"properties": {
										"protocol": "*",
										"sourcePortRange": "*",
										"destinationPortRanges": [
											"53",
											"88",
											"123",
											"135",
											"137-139",
											"389",
											"445",
											"464",
											"636",
											"3268-3269",
											"3389",
											"5722",
											"9389",
											"49152-65535"
										],
										"sourceAddressPrefix": "10.10.4.0/24",
										"destinationAddressPrefix": "*",
										"access": "Allow",
										"priority": 400,
										"direction": "Inbound"
									}
								},
								{
									"name": "Allow_Inbound_Monitor",
									"properties": {
										"protocol": "*",
										"sourcePortRange": "*",
										"destinationPortRange": "10050",
										"sourceAddressPrefix": "10.10.7.11/32",
										"destinationAddressPrefix": "*",
										"access": "Allow",
										"priority": 500,
										"direction": "Inbound"
									}
								},
								{
									"name": "Allow_Inbound_RDP_OLD",
									"properties": {
										"protocol": "*",
										"sourcePortRange": "*",
										"destinationPortRange": "3389",
										"sourceAddressPrefixes": [
											"10.112.0.0/16",
											"10.114.0.0/24"
										],
										"destinationAddressPrefix": "*",
										"access": "Allow",
										"priority": 600,
										"direction": "Inbound"
									}
								},
								{
									"name": "Allow_Inbound_SQL_CTX",
									"properties": {
										"protocol": "*",
										"sourcePortRange": "*",
										"destinationPortRanges": [
											"1433",
											"1434"
										],
										"sourceAddressPrefixes": [
											"10.10.9.0/24",
											"10.10.10.0/24"
										],
										"destinationAddressPrefix": "10.10.6.11/32",
										"access": "Allow",
										"priority": 700,
										"direction": "Inbound"
									}
								},
								{
									"name": "Allow_Inbound_RDP_P2S",
									"properties": {
										"protocol": "*",
										"sourcePortRange": "*",
										"destinationPortRange": "3389",
										"sourceAddressPrefix": "10.15.0.0/24",
										"destinationAddressPrefix": "*",
										"access": "Allow",
										"priority": 800,
										"direction": "Inbound"
									}
								},
								{
									"name": "Allow_Inbound_SQL",
									"properties": {
										"protocol": "*",
										"sourcePortRange": "*",
										"destinationPortRange": "1433",
										"sourceAddressPrefixes": [
											"10.10.7.0/24",
											"10.10.8.0/24",
											"10.212.0.0/16",
											"10.112.0.0/17",
											"10.114.0.0/24"
										],
										"destinationAddressPrefix": "*",
										"access": "Allow",
										"priority": 1000,
										"direction": "Inbound"
									}
								},
								{
									"name": "Allow_Inbound_SQL_SSRS",
									"properties": {
										"protocol": "*",
										"sourcePortRange": "*",
										"destinationPortRange": "80",
										"sourceAddressPrefix": "10.10.8.0/24",
										"destinationAddressPrefix": "*",
										"access": "Allow",
										"priority": 1100,
										"direction": "Inbound"
									}
								},
								{
									"name": "Deny_Inbound_All",
									"properties": {
										"protocol": "*",
										"sourcePortRange": "*",
										"destinationPortRange": "*",
										"sourceAddressPrefix": "*",
										"destinationAddressPrefix": "*",
										"access": "Deny",
										"priority": 4096,
										"direction": "Inbound"
									}
								},
								{
									"name": "Allow_Outbound_ActiveDirectory",
									"properties": {
										"protocol": "*",
										"sourcePortRange": "*",
										"destinationPortRanges": [
											"53",
											"80",
											"88",
											"123",
											"135",
											"137-139",
											"389",
											"445",
											"464",
											"636",
											"3268-3269",
											"5722",
											"9389",
											"49152-65535"
										],
										"sourceAddressPrefix": "*",
										"destinationAddressPrefix": "10.10.4.0/24",
										"access": "Allow",
										"priority": 400,
										"direction": "Outbound"
									}
								},
								{
									"name": "Allow_Outbound_Monitor",
									"properties": {
										"protocol": "*",
										"sourcePortRange": "*",
										"destinationPortRange": "10051",
										"sourceAddressPrefix": "*",
										"destinationAddressPrefix": "10.10.7.11/32",
										"access": "Allow",
										"priority": 500,
										"direction": "Outbound"
									}
								},
								{
									"name": "Allow_Outbound_File",
									"properties": {
										"protocol": "*",
										"sourcePortRange": "*",
										"destinationPortRange": "445",
										"sourceAddressPrefix": "*",
										"destinationAddressPrefix": "10.10.5.0/24",
										"access": "Allow",
										"priority": 600,
										"direction": "Outbound"
									}
								},
								{
									"name": "Allow_Outbound_ActiveDirectory_OLD",
									"properties": {
										"protocol": "*",
										"sourcePortRange": "*",
										"destinationPortRanges": [
											"53",
											"88",
											"123",
											"135",
											"137-139",
											"389",
											"445",
											"464",
											"636",
											"3268-3269",
											"3389",
											"5722",
											"49152-65535"
										],
										"sourceAddressPrefix": "*",
										"destinationAddressPrefixes": [
											"10.112.0.0/16",
											"10.114.0.0/24"
										],
										"access": "Allow",
										"priority": 700,
										"direction": "Outbound"
									}
								},
								{
									"name": "Allow_Outbound_Internet",
									"properties": {
										"protocol": "*",
										"sourcePortRange": "*",
										"destinationPortRange": "*",
										"sourceAddressPrefix": "*",
										"destinationAddressPrefix": "Internet",
										"access": "Allow",
										"priority": 4000,
										"direction": "Outbound"
									}
								},
								{
									"name": "Deny_Outbound_All",
									"properties": {
										"protocol": "*",
										"sourcePortRange": "*",
										"destinationPortRange": "*",
										"sourceAddressPrefix": "*",
										"destinationAddressPrefix": "*",
										"access": "Deny",
										"priority": 4096,
										"direction": "Outbound"
									}
								}
							]
						},
						{
							"name": "snet-app-prod-01",
							"properties": {
								"addressPrefix": "10.10.7.0/24",
								"networkSecurityGroup": true,
								"routeTable": false,
								"natGateway": false,
								"privateEndpointNetworkPolicies": "Enabled"
							},
							"routeTable": {
								"properties": {}
							},
							"securityRules": [
								{
									"name": "Allow_Inbound_Bastion",
									"properties": {
										"protocol": "*",
										"sourcePortRange": "*",
										"destinationPortRanges": [
											"22",
											"3389"
										],
										"sourceAddressPrefix": "10.10.2.0/24",
										"destinationAddressPrefix": "*",
										"access": "Allow",
										"priority": 100,
										"direction": "Inbound"
									}
								},
								{
									"name": "Allow_Inbound_ICMP",
									"properties": {
										"protocol": "ICMP",
										"sourcePortRange": "*",
										"destinationPortRange": "*",
										"sourceAddressPrefix": "10.10.5.0/24",
										"destinationAddressPrefix": "*",
										"access": "Allow",
										"priority": 200,
										"direction": "Inbound"
									}
								},
								{
									"name": "Allow_Inbound_Mgmt",
									"properties": {
										"protocol": "*",
										"sourcePortRange": "*",
										"destinationPortRanges": [
											"22",
											"80",
											"135",
											"139",
											"443",
											"445",
											"1433",
											"3389",
											"5986"
										],
										"sourceAddressPrefix": "10.10.5.0/24",
										"destinationAddressPrefix": "*",
										"access": "Allow",
										"priority": 300,
										"direction": "Inbound"
									}
								},
								{
									"name": "Allow_Inbound_ActiveDirectory",
									"properties": {
										"protocol": "*",
										"sourcePortRange": "*",
										"destinationPortRanges": [
											"53",
											"88",
											"123",
											"135",
											"137-139",
											"389",
											"445",
											"464",
											"636",
											"3268-3269",
											"3389",
											"5722",
											"9389",
											"49152-65535"
										],
										"sourceAddressPrefix": "10.10.4.0/24",
										"destinationAddressPrefix": "*",
										"access": "Allow",
										"priority": 400,
										"direction": "Inbound"
									}
								},
								{
									"name": "Allow_Inbound_Monitor",
									"properties": {
										"protocol": "*",
										"sourcePortRange": "*",
										"destinationPortRange": "10050",
										"sourceAddressPrefix": "10.10.7.11/32",
										"destinationAddressPrefix": "*",
										"access": "Allow",
										"priority": 500,
										"direction": "Inbound"
									}
								},
								{
									"name": "Allow_Inbound_Zabbix",
									"properties": {
										"protocol": "*",
										"sourcePortRange": "*",
										"destinationPortRange": "10051",
										"sourceAddressPrefix": "10.10.0.0/16",
										"destinationAddressPrefix": "10.10.7.11/32",
										"access": "Allow",
										"priority": 600,
										"direction": "Inbound"
									}
								},
								{
									"name": "Allow_Inbound_LB",
									"properties": {
										"protocol": "*",
										"sourcePortRange": "*",
										"destinationPortRange": "*",
										"sourceAddressPrefix": "AzureLoadBalancer",
										"destinationAddressPrefix": "*",
										"access": "Allow",
										"priority": 700,
										"direction": "Inbound"
									}
								},
								{
									"name": "Deny_Inbound_All",
									"properties": {
										"protocol": "*",
										"sourcePortRange": "*",
										"destinationPortRange": "*",
										"sourceAddressPrefix": "*",
										"destinationAddressPrefix": "*",
										"access": "Deny",
										"priority": 4096,
										"direction": "Inbound"
									}
								},
								{
									"name": "Allow_Outbound_ActiveDirectory",
									"properties": {
										"protocol": "*",
										"sourcePortRange": "*",
										"destinationPortRanges": [
											"53",
											"80",
											"88",
											"123",
											"135",
											"137-139",
											"389",
											"445",
											"464",
											"636",
											"3268-3269",
											"5722",
											"9389",
											"49152-65535"
										],
										"sourceAddressPrefix": "*",
										"destinationAddressPrefix": "10.10.4.0/24",
										"access": "Allow",
										"priority": 400,
										"direction": "Outbound"
									}
								},
								{
									"name": "Allow_Outbound_ActiveDirectory_OLD",
									"properties": {
										"protocol": "*",
										"sourcePortRange": "*",
										"destinationPortRanges": [
											"53",
											"88",
											"123",
											"135",
											"137-139",
											"389",
											"445",
											"464",
											"636",
											"3268-3269",
											"3389",
											"5722",
											"49152-65535"
										],
										"sourceAddressPrefix": "*",
										"destinationAddressPrefixes": [
											"10.112.0.0/16",
											"10.114.0.0/24"
										],
										"access": "Allow",
										"priority": 450,
										"direction": "Outbound"
									}
								},
								{
									"name": "Allow_Outbound_Monitor",
									"properties": {
										"protocol": "*",
										"sourcePortRange": "*",
										"destinationPortRange": "10051",
										"sourceAddressPrefix": "*",
										"destinationAddressPrefix": "10.10.7.11/32",
										"access": "Allow",
										"priority": 500,
										"direction": "Outbound"
									}
								},
								{
									"name": "Allow_Outbound_Zabbix",
									"properties": {
										"protocol": "*",
										"sourcePortRange": "*",
										"destinationPortRange": "10050",
										"sourceAddressPrefix": "10.10.7.11/32",
										"destinationAddressPrefix": "10.10.0.0/16",
										"access": "Allow",
										"priority": 600,
										"direction": "Outbound"
									}
								},
								{
									"name": "Allow_Outbound_SQL",
									"properties": {
										"protocol": "*",
										"sourcePortRange": "*",
										"destinationPortRange": "1433",
										"sourceAddressPrefix": "*",
										"destinationAddressPrefix": "10.10.6.0/24",
										"access": "Allow",
										"priority": 1000,
										"direction": "Outbound"
									}
								},
								{
									"name": "Allow_Outbound_Internet",
									"properties": {
										"protocol": "*",
										"sourcePortRange": "*",
										"destinationPortRange": "*",
										"sourceAddressPrefix": "*",
										"destinationAddressPrefix": "Internet",
										"access": "Allow",
										"priority": 4000,
										"direction": "Outbound"
									}
								},
								{
									"name": "Deny_Outbound_All",
									"properties": {
										"protocol": "*",
										"sourcePortRange": "*",
										"destinationPortRange": "*",
										"sourceAddressPrefix": "*",
										"destinationAddressPrefix": "*",
										"access": "Deny",
										"priority": 4096,
										"direction": "Outbound"
									}
								}
							]
						},
						{
							"name": "snet-web-prod-01",
							"properties": {
								"addressPrefix": "10.10.8.0/24",
								"networkSecurityGroup": true,
								"routeTable": false,
								"natGateway": false,
								"privateEndpointNetworkPolicies": "Enabled"
							},
							"routeTable": {
								"properties": {
									"disableBgpRoutePropagation": false,
									"routes": []
								}
							},
							"securityRules": [
								{
									"name": "Allow_Inbound_Bastion",
									"properties": {
										"protocol": "*",
										"sourcePortRange": "*",
										"destinationPortRanges": [
											"22",
											"3389"
										],
										"sourceAddressPrefix": "10.10.2.0/24",
										"destinationAddressPrefix": "*",
										"access": "Allow",
										"priority": 100,
										"direction": "Inbound"
									}
								},
								{
									"name": "Allow_Inbound_ICMP",
									"properties": {
										"protocol": "ICMP",
										"sourcePortRange": "*",
										"destinationPortRange": "*",
										"sourceAddressPrefix": "10.10.5.0/24",
										"destinationAddressPrefix": "*",
										"access": "Allow",
										"priority": 200,
										"direction": "Inbound"
									}
								},
								{
									"name": "Allow_Inbound_Mgmt",
									"properties": {
										"protocol": "*",
										"sourcePortRange": "*",
										"destinationPortRanges": [
											"22",
											"80",
											"135",
											"139",
											"443",
											"445",
											"1433",
											"3389",
											"5986"
										],
										"sourceAddressPrefix": "10.10.5.0/24",
										"destinationAddressPrefix": "*",
										"access": "Allow",
										"priority": 300,
										"direction": "Inbound"
									}
								},
								{
									"name": "Allow_Inbound_ActiveDirectory",
									"properties": {
										"protocol": "*",
										"sourcePortRange": "*",
										"destinationPortRanges": [
											"53",
											"88",
											"123",
											"135",
											"137-139",
											"389",
											"445",
											"464",
											"636",
											"3268-3269",
											"3389",
											"5722",
											"9389",
											"49152-65535"
										],
										"sourceAddressPrefix": "10.10.4.0/24",
										"destinationAddressPrefix": "*",
										"access": "Allow",
										"priority": 400,
										"direction": "Inbound"
									}
								},
								{
									"name": "Allow_Inbound_Monitor",
									"properties": {
										"protocol": "*",
										"sourcePortRange": "*",
										"destinationPortRange": "10050",
										"sourceAddressPrefix": "10.10.7.11/32",
										"destinationAddressPrefix": "*",
										"access": "Allow",
										"priority": 500,
										"direction": "Inbound"
									}
								},
								{
									"name": "Allow_Inbound_LoginCtx_OLD",
									"properties": {
										"protocol": "*",
										"sourcePortRange": "*",
										"destinationPortRanges": [
											"18080",
											"443"
										],
										"sourceAddressPrefixes": [
											"10.112.0.0/16",
											"10.114.0.0/24"
										],
										"destinationAddressPrefix": "*",
										"access": "Allow",
										"priority": 600,
										"direction": "Inbound"
									}
								},
								{
									"name": "Allow_Inbound_RDP_OLD",
									"properties": {
										"protocol": "*",
										"sourcePortRange": "*",
										"destinationPortRange": "3389",
										"sourceAddressPrefixes": [
											"10.112.0.0/16",
											"10.114.0.0/24"
										],
										"destinationAddressPrefix": "*",
										"access": "Allow",
										"priority": 700,
										"direction": "Inbound"
									}
								},
								{
									"name": "Allow_Inbound_8080_OLD",
									"properties": {
										"protocol": "*",
										"sourcePortRange": "*",
										"destinationPortRange": "8080",
										"sourceAddressPrefixes": [
											"10.112.0.0/16",
											"10.114.0.0/24"
										],
										"destinationAddressPrefix": "*",
										"access": "Allow",
										"priority": 710,
										"direction": "Inbound"
									}
								},
								{
									"name": "Allow_Inbound_RDP_P2S",
									"properties": {
										"protocol": "*",
										"sourcePortRange": "*",
										"destinationPortRange": "3389",
										"sourceAddressPrefix": "10.15.0.0/24",
										"destinationAddressPrefix": "*",
										"access": "Allow",
										"priority": 800,
										"direction": "Inbound"
									}
								},
								{
									"name": "Allow_Inbound_Web_WTB",
									"properties": {
										"protocol": "*",
										"sourcePortRange": "*",
										"destinationPortRanges": [
											"443",
											"8080",
											"8082"
										],
										"sourceAddressPrefix": "Internet",
										"destinationAddressPrefix": "10.10.8.16/32",
										"access": "Allow",
										"priority": 900,
										"direction": "Inbound"
									}
								},
								{
									"name": "Allow_Inbound_Web",
									"properties": {
										"protocol": "*",
										"sourcePortRange": "*",
										"destinationPortRanges": [
											"443",
											"9082",
											"9086"
										],
										"sourceAddressPrefix": "Internet",
										"destinationAddressPrefix": "10.10.8.0/24",
										"access": "Allow",
										"priority": 1000,
										"direction": "Inbound"
									}
								},
								{
									"name": "Allow_Inbound_WTB",
									"properties": {
										"protocol": "*",
										"sourcePortRange": "*",
										"destinationPortRanges": [
											"8080",
											"8082"
										],
										"sourceAddressPrefix": "10.10.8.0/24",
										"destinationAddressPrefix": "10.10.8.0/24",
										"access": "Allow",
										"priority": 1100,
										"direction": "Inbound"
									}
								},
								{
									"name": "Allow_Inbound_LB",
									"properties": {
										"protocol": "*",
										"sourcePortRange": "*",
										"destinationPortRange": "*",
										"sourceAddressPrefix": "AzureLoadBalancer",
										"destinationAddressPrefix": "*",
										"access": "Allow",
										"priority": 1200,
										"direction": "Inbound"
									}
								},
								{
									"name": "Allow_Inbound_Web_ADC_CSR",
									"properties": {
										"protocol": "*",
										"sourcePortRange": "*",
										"destinationPortRanges": [
											"80",
											"443"
										],
										"sourceAddressPrefix": "Internet",
										"destinationAddressPrefix": "Internet",
										"access": "Allow",
										"priority": 1300,
										"direction": "Inbound"
									}
								},
								{
									"name": "Deny_Inbound_All",
									"properties": {
										"protocol": "*",
										"sourcePortRange": "*",
										"destinationPortRange": "*",
										"sourceAddressPrefix": "*",
										"destinationAddressPrefix": "*",
										"access": "Deny",
										"priority": 4096,
										"direction": "Inbound"
									}
								},
								{
									"name": "Allow_Outbound_ICMP",
									"properties": {
										"protocol": "ICMP",
										"sourcePortRange": "*",
										"destinationPortRange": "*",
										"sourceAddressPrefix": "*",
										"destinationAddressPrefix": "*",
										"access": "Allow",
										"priority": 200,
										"direction": "Outbound"
									}
								},
								{
									"name": "Allow_Outbound_ActiveDirectory",
									"properties": {
										"protocol": "*",
										"sourcePortRange": "*",
										"destinationPortRanges": [
											"53",
											"80",
											"88",
											"123",
											"135",
											"137-139",
											"389",
											"445",
											"464",
											"636",
											"3268-3269",
											"5722",
											"9389",
											"49152-65535"
										],
										"sourceAddressPrefix": "*",
										"destinationAddressPrefix": "10.10.4.0/24",
										"access": "Allow",
										"priority": 400,
										"direction": "Outbound"
									}
								},
								{
									"name": "Allow_Outbound_ActiveDirectory_OLD",
									"properties": {
										"protocol": "*",
										"sourcePortRange": "*",
										"destinationPortRanges": [
											"53",
											"88",
											"123",
											"135",
											"137-139",
											"389",
											"445",
											"464",
											"636",
											"3268-3269",
											"3389",
											"5722",
											"49152-65535"
										],
										"sourceAddressPrefix": "*",
										"destinationAddressPrefixes": [
											"10.112.0.0/16",
											"10.114.0.0/24"
										],
										"access": "Allow",
										"priority": 450,
										"direction": "Outbound"
									}
								},
								{
									"name": "Allow_Outbound_Monitor",
									"properties": {
										"protocol": "*",
										"sourcePortRange": "*",
										"destinationPortRange": "10051",
										"sourceAddressPrefix": "*",
										"destinationAddressPrefix": "10.10.7.11/32",
										"access": "Allow",
										"priority": 500,
										"direction": "Outbound"
									}
								},
								{
									"name": "Allow_Outbound_LB",
									"properties": {
										"protocol": "*",
										"sourcePortRange": "*",
										"destinationPortRange": "*",
										"sourceAddressPrefix": "AzureLoadBalancer",
										"destinationAddressPrefix": "*",
										"access": "Allow",
										"priority": 600,
										"direction": "Outbound"
									}
								},
								{
									"name": "Allow_Outbound_SQL",
									"properties": {
										"protocol": "*",
										"sourcePortRange": "*",
										"destinationPortRange": "1433",
										"sourceAddressPrefix": "*",
										"destinationAddressPrefix": "10.10.6.0/24",
										"access": "Allow",
										"priority": 1000,
										"direction": "Outbound"
									}
								},
								{
									"name": "Allow_Outbound_SQL_OLD",
									"properties": {
										"protocol": "*",
										"sourcePortRange": "*",
										"destinationPortRange": "1433",
										"sourceAddressPrefix": "*",
										"destinationAddressPrefixes": [
											"10.112.0.0/16",
											"10.114.0.0/24"
										],
										"access": "Allow",
										"priority": 1050,
										"direction": "Outbound"
									}
								},
								{
									"name": "Allow_Outbound_ICMP_OLD",
									"properties": {
										"protocol": "ICMP",
										"sourcePortRange": "*",
										"destinationPortRange": "*",
										"sourceAddressPrefix": "*",
										"destinationAddressPrefixes": [
											"10.112.0.0/16",
											"10.114.0.0/24"
										],
										"access": "Allow",
										"priority": 1060,
										"direction": "Outbound"
									}
								},
								{
									"name": "Allow_Outbound_8080_OLD",
									"properties": {
										"protocol": "*",
										"sourcePortRange": "*",
										"destinationPortRange": "8080",
										"sourceAddressPrefix": "*",
										"destinationAddressPrefixes": [
											"10.112.0.0/16",
											"10.114.0.0/24"
										],
										"access": "Allow",
										"priority": 1070,
										"direction": "Outbound"
									}
								},
								{
									"name": "Allow_Outbound_SMTP_OLD",
									"properties": {
										"protocol": "*",
										"sourcePortRange": "*",
										"destinationPortRange": "25",
										"sourceAddressPrefix": "10.10.8.16",
										"destinationAddressPrefixes": [
											"10.112.0.0/16",
											"10.114.0.0/24"
										],
										"access": "Allow",
										"priority": 1080,
										"direction": "Outbound"
									}
								},
								{
									"name": "Allow_Outbound_File",
									"properties": {
										"protocol": "*",
										"sourcePortRange": "*",
										"destinationPortRange": "445",
										"sourceAddressPrefix": "*",
										"destinationAddressPrefix": "10.10.5.0/24",
										"access": "Allow",
										"priority": 1100,
										"direction": "Outbound"
									}
								},
								{
									"name": "Allow_Outbound_SQL_SSRS",
									"properties": {
										"protocol": "*",
										"sourcePortRange": "*",
										"destinationPortRange": "80",
										"sourceAddressPrefix": "*",
										"destinationAddressPrefix": "10.10.6.0/24",
										"access": "Allow",
										"priority": 1200,
										"direction": "Outbound"
									}
								},
								{
									"name": "Allow_Outbound_WTB",
									"properties": {
										"protocol": "*",
										"sourcePortRange": "*",
										"destinationPortRanges": [
											"443",
											"8080",
											"8082"
										],
										"sourceAddressPrefix": "*",
										"destinationAddressPrefix": "10.10.8.0/24",
										"access": "Allow",
										"priority": 1300,
										"direction": "Outbound"
									}
								},
								{
									"name": "Allow_Outbound_ADC",
									"properties": {
										"protocol": "*",
										"sourcePortRange": "*",
										"destinationPortRanges": [
											"443",
											"3003",
											"3008",
											"3009"
										],
										"sourceAddressPrefixes": [
											"10.10.8.8",
											"10.10.8.9"
										],
										"destinationAddressPrefix": "*",
										"access": "Deny",
										"priority": 1400,
										"direction": "Outbound"
									}
								},
								{
									"name": "Allow_Outbound_Internet",
									"properties": {
										"protocol": "*",
										"sourcePortRange": "*",
										"destinationPortRange": "*",
										"sourceAddressPrefix": "*",
										"destinationAddressPrefix": "Internet",
										"access": "Allow",
										"priority": 4000,
										"direction": "Outbound"
									}
								},
								{
									"name": "Deny_Outbound_All",
									"properties": {
										"protocol": "*",
										"sourcePortRange": "*",
										"destinationPortRange": "*",
										"sourceAddressPrefix": "*",
										"destinationAddressPrefix": "*",
										"access": "Deny",
										"priority": 4096,
										"direction": "Outbound"
									}
								}
							]
						},
						{
							"name": "snet-ctx-prod-01",
							"properties": {
								"addressPrefix": "10.10.9.0/24",
								"networkSecurityGroup": true,
								"routeTable": false,
								"natGateway": false,
								"privateEndpointNetworkPolicies": "Enabled"
							},
							"routeTable": {
								"properties": {}
							},
							"securityRules": [
								{
									"name": "Allow_Inbound_Bastion",
									"properties": {
										"protocol": "*",
										"sourcePortRange": "*",
										"destinationPortRanges": [
											"22",
											"3389"
										],
										"sourceAddressPrefix": "10.10.2.0/24",
										"destinationAddressPrefix": "*",
										"access": "Allow",
										"priority": 100,
										"direction": "Inbound"
									}
								},
								{
									"name": "Allow_Inbound_ICMP",
									"properties": {
										"protocol": "ICMP",
										"sourcePortRange": "*",
										"destinationPortRange": "*",
										"sourceAddressPrefixes": [
											"10.10.5.0/24",
											"10.10.9.0/24"
										],
										"destinationAddressPrefix": "*",
										"access": "Allow",
										"priority": 200,
										"direction": "Inbound"
									}
								},
								{
									"name": "Allow_Inbound_Mgmt",
									"properties": {
										"protocol": "*",
										"sourcePortRange": "*",
										"destinationPortRanges": [
											"22",
											"80",
											"135",
											"139",
											"443",
											"445",
											"1433",
											"3389",
											"5986"
										],
										"sourceAddressPrefix": "10.10.5.0/24",
										"destinationAddressPrefix": "*",
										"access": "Allow",
										"priority": 300,
										"direction": "Inbound"
									}
								},
								{
									"name": "Allow_Inbound_ActiveDirectory",
									"properties": {
										"protocol": "*",
										"sourcePortRange": "*",
										"destinationPortRanges": [
											"53",
											"88",
											"123",
											"135",
											"137-139",
											"389",
											"445",
											"464",
											"636",
											"3268-3269",
											"3389",
											"5722",
											"9389",
											"49152-65535"
										],
										"sourceAddressPrefix": "10.10.4.0/24",
										"destinationAddressPrefix": "*",
										"access": "Allow",
										"priority": 400,
										"direction": "Inbound"
									}
								},
								{
									"name": "Allow_Inbound_Monitor",
									"properties": {
										"protocol": "*",
										"sourcePortRange": "*",
										"destinationPortRange": "10050",
										"sourceAddressPrefix": "10.10.7.11/32",
										"destinationAddressPrefix": "*",
										"access": "Allow",
										"priority": 500,
										"direction": "Inbound"
									}
								},
								{
									"name": "Allow_Inbound_Ctx_Services",
									"properties": {
										"protocol": "*",
										"sourcePortRange": "*",
										"destinationPortRanges": [
											"67",
											"69",
											"80",
											"443",
											"445",
											"808",
											"1494",
											"2071",
											"2598",
											"4011",
											"7279",
											"8082-8083",
											"27000",
											"54321",
											"54322",
											"54323",
											"6890-6969"
										],
										"sourceAddressPrefix": "10.10.9.0/24",
										"destinationAddressPrefix": "10.10.9.0/24",
										"access": "Allow",
										"priority": 600,
										"direction": "Inbound"
									}
								},
								{
									"name": "Allow_Inbound_RDP",
									"properties": {
										"protocol": "*",
										"sourcePortRange": "*",
										"destinationPortRange": "3389",
										"sourceAddressPrefix": "10.15.0.0/24",
										"destinationAddressPrefix": "*",
										"access": "Allow",
										"priority": 700,
										"direction": "Inbound"
									}
								},
								{
									"name": "Allow_Inbound_Ctx_Services_VDA",
									"properties": {
										"protocol": "*",
										"sourcePortRange": "*",
										"destinationPortRanges": [
											"80",
											"135",
											"443",
											"445",
											"6910-6969",
											"49152-65535"
										],
										"sourceAddressPrefixes": [
											"10.10.10.0/24",
											"10.10.5.0/24"
										],
										"destinationAddressPrefix": "10.10.9.0/24",
										"access": "Allow",
										"priority": 800,
										"direction": "Inbound"
									}
								},
								{
									"name": "Allow_Inbound_StoreFront",
									"properties": {
										"protocol": "*",
										"sourcePortRange": "*",
										"destinationPortRange": "443",
										"sourceAddressPrefixes": [
											"10.10.8.8/32",
											"10.10.8.9/32"
										],
										"destinationAddressPrefixes": [
											"10.10.9.13/32",
											"10.10.9.14/32"
										],
										"access": "Allow",
										"priority": 900,
										"direction": "Inbound"
									}
								},
								{
									"name": "Allow_Inbound_LB",
									"properties": {
										"protocol": "*",
										"sourcePortRange": "*",
										"destinationPortRange": "*",
										"sourceAddressPrefix": "AzureLoadBalancer",
										"destinationAddressPrefix": "*",
										"access": "Allow",
										"priority": 1000,
										"direction": "Inbound"
									}
								},
								{
									"name": "Allow_Inbound_CPM",
									"properties": {
										"protocol": "*",
										"sourcePortRange": "*",
										"destinationPortRanges": [
											"80",
											"135",
											"139",
											"443",
											"445",
											"7750",
											"7751"
										],
										"sourceAddressPrefix": "10.10.10.0/24",
										"destinationAddressPrefixes": [
											"10.10.9.17/32",
											"10.10.9.18/32"
										],
										"access": "Allow",
										"priority": 1100,
										"direction": "Inbound"
									}
								},
								{
									"name": "Deny_Inbound_All",
									"properties": {
										"protocol": "*",
										"sourcePortRange": "*",
										"destinationPortRange": "*",
										"sourceAddressPrefix": "*",
										"destinationAddressPrefix": "*",
										"access": "Deny",
										"priority": 4096,
										"direction": "Inbound"
									}
								},
								{
									"name": "Allow_Outbound_ActiveDirectory",
									"properties": {
										"protocol": "*",
										"sourcePortRange": "*",
										"destinationPortRanges": [
											"53",
											"67",
											"80",
											"88",
											"123",
											"135",
											"137-139",
											"389",
											"445",
											"443",
											"464",
											"636",
											"3268-3269",
											"5722",
											"5985",
											"9389",
											"49152-65535"
										],
										"sourceAddressPrefix": "*",
										"destinationAddressPrefix": "10.10.4.0/24",
										"access": "Allow",
										"priority": 400,
										"direction": "Outbound"
									}
								},
								{
									"name": "Allow_Outbound_ActiveDirectory_OLD",
									"properties": {
										"protocol": "*",
										"sourcePortRange": "*",
										"destinationPortRanges": [
											"53",
											"88",
											"123",
											"135",
											"137-139",
											"389",
											"445",
											"464",
											"636",
											"3268-3269",
											"3389",
											"5722",
											"49152-65535"
										],
										"sourceAddressPrefix": "*",
										"destinationAddressPrefixes": [
											"10.112.0.0/16",
											"10.114.0.0/24"
										],
										"access": "Allow",
										"priority": 450,
										"direction": "Outbound"
									}
								},
								{
									"name": "Allow_Outbound_Monitor",
									"properties": {
										"protocol": "*",
										"sourcePortRange": "*",
										"destinationPortRange": "10051",
										"sourceAddressPrefix": "*",
										"destinationAddressPrefix": "10.10.7.11/32",
										"access": "Allow",
										"priority": 500,
										"direction": "Outbound"
									}
								},
								{
									"name": "Allow_Outbound_File",
									"properties": {
										"protocol": "*",
										"sourcePortRange": "*",
										"destinationPortRange": "445",
										"sourceAddressPrefix": "*",
										"destinationAddressPrefix": "10.10.5.0/24",
										"access": "Allow",
										"priority": 600,
										"direction": "Outbound"
									}
								},
								{
									"name": "Allow_Outbound_Ctx_Services",
									"properties": {
										"protocol": "*",
										"sourcePortRange": "*",
										"destinationPortRanges": [
											"67",
											"69",
											"80",
											"443",
											"445",
											"808",
											"1494",
											"2071",
											"2598",
											"4011",
											"7279",
											"8082-8083",
											"27000",
											"54321",
											"54322",
											"54323",
											"6890-6969"
										],
										"sourceAddressPrefix": "10.10.9.0/24",
										"destinationAddressPrefix": "10.10.9.0/24",
										"access": "Allow",
										"priority": 700,
										"direction": "Outbound"
									}
								},
								{
									"name": "Allow_Outbound_SQL_PVS",
									"properties": {
										"protocol": "*",
										"sourcePortRange": "*",
										"destinationPortRanges": [
											"1433",
											"1434"
										],
										"sourceAddressPrefix": "10.10.9.0/24",
										"destinationAddressPrefix": "10.10.6.11/32",
										"access": "Allow",
										"priority": 800,
										"direction": "Outbound"
									}
								},
								{
									"name": "Allow_Outbound_PVS_LIC_OLD",
									"properties": {
										"protocol": "*",
										"sourcePortRange": "*",
										"destinationPortRanges": [
											"27000",
											"7279",
											"8082",
											"8083",
											"80"
										],
										"sourceAddressPrefix": "10.10.9.0/24",
										"destinationAddressPrefixes": [
											"10.112.0.0/16",
											"10.114.0.0/24"
										],
										"access": "Allow",
										"priority": 900,
										"direction": "Outbound"
									}
								},
								{
									"name": "Allow_Outbound_CTX_SQL_OLD",
									"properties": {
										"protocol": "*",
										"sourcePortRange": "*",
										"destinationPortRange": "1433",
										"sourceAddressPrefix": "10.10.9.0/24",
										"destinationAddressPrefixes": [
											"10.112.0.0/16",
											"10.114.0.0/24"
										],
										"access": "Allow",
										"priority": 1000,
										"direction": "Outbound"
									}
								},
								{
									"name": "Allow_Outbound_Ctx_Services_VDA",
									"properties": {
										"protocol": "*",
										"sourcePortRange": "*",
										"destinationPortRanges": [
											"80",
											"443",
											"1494",
											"2598",
											"6901",
											"6902",
											"6905",
											"16500-16509",
											"54321-54323"
										],
										"sourceAddressPrefix": "10.10.9.0/24",
										"destinationAddressPrefixes": [
											"10.10.10.0/24",
											"10.10.5.0/24"
										],
										"access": "Allow",
										"priority": 1100,
										"direction": "Outbound"
									}
								},
								{
									"name": "Allow_Outbound_CPM_SQL",
									"properties": {
										"protocol": "*",
										"sourcePortRange": "*",
										"destinationPortRange": "1433",
										"sourceAddressPrefixes": [
											"10.10.9.17/32",
											"10.10.9.18/32"
										],
										"destinationAddressPrefix": "10.10.6.11/32",
										"access": "Allow",
										"priority": 1200,
										"direction": "Outbound"
									}
								},
								{
									"name": "Allow_Outbound_CPM_MGMT",
									"properties": {
										"protocol": "*",
										"sourcePortRange": "*",
										"destinationPortRanges": [
											"135",
											"139",
											"445"
										],
										"sourceAddressPrefixes": [
											"10.10.9.17/32",
											"10.10.9.18/32"
										],
										"destinationAddressPrefix": "10.10.10.0/24",
										"access": "Allow",
										"priority": 1300,
										"direction": "Outbound"
									}
								},
								{
									"name": "Allow_Outbound_ICMP",
									"properties": {
										"protocol": "ICMP",
										"sourcePortRange": "*",
										"destinationPortRange": "*",
										"sourceAddressPrefix": "*",
										"destinationAddressPrefix": "10.10.9.0/24",
										"access": "Allow",
										"priority": 3000,
										"direction": "Outbound"
									}
								},
								{
									"name": "Allow_Outbound_Internet",
									"properties": {
										"protocol": "*",
										"sourcePortRange": "*",
										"destinationPortRange": "*",
										"sourceAddressPrefix": "*",
										"destinationAddressPrefix": "Internet",
										"access": "Allow",
										"priority": 4000,
										"direction": "Outbound"
									}
								},
								{
									"name": "Deny_Outbound_All",
									"properties": {
										"protocol": "*",
										"sourcePortRange": "*",
										"destinationPortRange": "*",
										"sourceAddressPrefix": "*",
										"destinationAddressPrefix": "*",
										"access": "Deny",
										"priority": 4096,
										"direction": "Outbound"
									}
								}
							]
						},
						{
							"name": "snet-vda-prod-01",
							"properties": {
								"addressPrefix": "10.10.10.0/24",
								"networkSecurityGroup": true,
								"routeTable": false,
								"natGateway": false,
								"privateEndpointNetworkPolicies": "Enabled"
							},
							"routeTable": {
								"properties": {}
							},
							"securityRules": [
								{
									"name": "Allow_Inbound_Bastion",
									"properties": {
										"protocol": "*",
										"sourcePortRange": "*",
										"destinationPortRanges": [
											"22",
											"3389"
										],
										"sourceAddressPrefix": "10.10.2.0/24",
										"destinationAddressPrefix": "*",
										"access": "Allow",
										"priority": 100,
										"direction": "Inbound"
									}
								},
								{
									"name": "Allow_Inbound_ICMP",
									"properties": {
										"protocol": "ICMP",
										"sourcePortRange": "*",
										"destinationPortRange": "*",
										"sourceAddressPrefixes": [
											"10.10.5.0/24",
											"10.10.10.0/24"
										],
										"destinationAddressPrefix": "*",
										"access": "Allow",
										"priority": 200,
										"direction": "Inbound"
									}
								},
								{
									"name": "Allow_Inbound_Mgmt",
									"properties": {
										"protocol": "*",
										"sourcePortRange": "*",
										"destinationPortRanges": [
											"22",
											"80",
											"135",
											"139",
											"443",
											"445",
											"1433",
											"3389",
											"5986"
										],
										"sourceAddressPrefix": "10.10.5.0/24",
										"destinationAddressPrefix": "*",
										"access": "Allow",
										"priority": 300,
										"direction": "Inbound"
									}
								},
								{
									"name": "Allow_Inbound_ActiveDirectory",
									"properties": {
										"protocol": "*",
										"sourcePortRange": "*",
										"destinationPortRanges": [
											"53",
											"88",
											"123",
											"135",
											"137-139",
											"389",
											"445",
											"464",
											"636",
											"3268-3269",
											"3389",
											"5722",
											"9389",
											"49152-65535"
										],
										"sourceAddressPrefix": "10.10.4.0/24",
										"destinationAddressPrefix": "*",
										"access": "Allow",
										"priority": 400,
										"direction": "Inbound"
									}
								},
								{
									"name": "Allow_Inbound_Monitor",
									"properties": {
										"protocol": "*",
										"sourcePortRange": "*",
										"destinationPortRange": "10050",
										"sourceAddressPrefix": "10.10.7.11/32",
										"destinationAddressPrefix": "*",
										"access": "Allow",
										"priority": 500,
										"direction": "Inbound"
									}
								},
								{
									"name": "Allow_Inbound_Ctx_Services_VDA",
									"properties": {
										"protocol": "*",
										"sourcePortRange": "*",
										"destinationPortRanges": [
											"80",
											"443",
											"1494",
											"2598",
											"6901",
											"6902",
											"6905",
											"54321-54323",
											"16500-16509"
										],
										"sourceAddressPrefix": "10.10.9.0/24",
										"destinationAddressPrefix": "10.10.10.0/24",
										"access": "Allow",
										"priority": 600,
										"direction": "Inbound"
									}
								},
								{
									"name": "Allow_Inbound_RDP_P2S",
									"properties": {
										"protocol": "*",
										"sourcePortRange": "*",
										"destinationPortRange": "3389",
										"sourceAddressPrefix": "10.15.0.0/24",
										"destinationAddressPrefix": "*",
										"access": "Allow",
										"priority": 700,
										"direction": "Inbound"
									}
								},
								{
									"name": "Allow_Inbound_LB",
									"properties": {
										"protocol": "*",
										"sourcePortRange": "*",
										"destinationPortRange": "*",
										"sourceAddressPrefix": "AzureLoadBalancer",
										"destinationAddressPrefix": "*",
										"access": "Allow",
										"priority": 800,
										"direction": "Inbound"
									}
								},
								{
									"name": "Allow_Inbound_Web_ADC",
									"properties": {
										"protocol": "*",
										"sourcePortRange": "*",
										"destinationPortRange": "443",
										"sourceAddressPrefix": "10.10.0.0/16",
										"destinationAddressPrefixes": [
											"10.10.10.200",
											"10.10.10.201"
										],
										"access": "Allow",
										"priority": 900,
										"direction": "Inbound"
									}
								},
								{
									"name": "Allow_Inbound_CPM_MGMT",
									"properties": {
										"protocol": "*",
										"sourcePortRange": "*",
										"destinationPortRanges": [
											"135",
											"139",
											"445"
										],
										"sourceAddressPrefix": "10.10.9.0/24",
										"destinationAddressPrefix": "10.10.10.0/24",
										"access": "Allow",
										"priority": 1000,
										"direction": "Inbound"
									}
								},
								{
									"name": "Deny_Inbound_All",
									"properties": {
										"protocol": "*",
										"sourcePortRange": "*",
										"destinationPortRange": "*",
										"sourceAddressPrefix": "*",
										"destinationAddressPrefix": "*",
										"access": "Deny",
										"priority": 4096,
										"direction": "Inbound"
									}
								},
								{
									"name": "Allow_Outbound_ActiveDirectory",
									"properties": {
										"protocol": "*",
										"sourcePortRange": "*",
										"destinationPortRanges": [
											"53",
											"67",
											"80",
											"88",
											"123",
											"135",
											"137-139",
											"389",
											"445",
											"443",
											"464",
											"636",
											"3268-3269",
											"5722",
											"5985",
											"9389",
											"49152-65535"
										],
										"sourceAddressPrefix": "*",
										"destinationAddressPrefix": "10.10.4.0/24",
										"access": "Allow",
										"priority": 400,
										"direction": "Outbound"
									}
								},
								{
									"name": "Allow_Outbound_ActiveDirectory_OLD",
									"properties": {
										"protocol": "*",
										"sourcePortRange": "*",
										"destinationPortRanges": [
											"53",
											"88",
											"123",
											"135",
											"137-139",
											"389",
											"445",
											"464",
											"636",
											"3268-3269",
											"3389",
											"5722",
											"49152-65535"
										],
										"sourceAddressPrefix": "*",
										"destinationAddressPrefixes": [
											"10.112.0.0/16",
											"10.114.0.0/24"
										],
										"access": "Allow",
										"priority": 450,
										"direction": "Outbound"
									}
								},
								{
									"name": "Allow_Outbound_Monitor",
									"properties": {
										"protocol": "*",
										"sourcePortRange": "*",
										"destinationPortRange": "10051",
										"sourceAddressPrefix": "*",
										"destinationAddressPrefix": "10.10.7.11/32",
										"access": "Allow",
										"priority": 500,
										"direction": "Outbound"
									}
								},
								{
									"name": "Allow_Outbound_File",
									"properties": {
										"protocol": "*",
										"sourcePortRange": "*",
										"destinationPortRange": "445",
										"sourceAddressPrefix": "*",
										"destinationAddressPrefix": "10.10.5.0/24",
										"access": "Allow",
										"priority": 600,
										"direction": "Outbound"
									}
								},
								{
									"name": "Allow_Outbound_Ctx_Services",
									"properties": {
										"protocol": "*",
										"sourcePortRange": "*",
										"destinationPortRanges": [
											"80",
											"135",
											"443",
											"445",
											"6910-6969",
											"49152-65535"
										],
										"sourceAddressPrefix": "10.10.10.0/24",
										"destinationAddressPrefix": "10.10.9.0/24",
										"access": "Allow",
										"priority": 700,
										"direction": "Outbound"
									}
								},
								{
									"name": "Allow_Outbound_CTX_SQL",
									"properties": {
										"protocol": "*",
										"sourcePortRange": "*",
										"destinationPortRanges": [
											"1433",
											"1434"
										],
										"sourceAddressPrefix": "10.10.10.0/24",
										"destinationAddressPrefix": "10.10.6.11/32",
										"access": "Allow",
										"priority": 800,
										"direction": "Outbound"
									}
								},
								{
									"name": "Allow_Outbound_CTX_SQL_OLD",
									"properties": {
										"protocol": "*",
										"sourcePortRange": "*",
										"destinationPortRange": "1433",
										"sourceAddressPrefix": "10.10.10.0/24",
										"destinationAddressPrefixes": [
											"10.112.0.0/16",
											"10.114.0.0/24"
										],
										"access": "Allow",
										"priority": 900,
										"direction": "Outbound"
									}
								},
								{
									"name": "Allow_Outbound_ICMP",
									"properties": {
										"protocol": "ICMP",
										"sourcePortRange": "*",
										"destinationPortRange": "*",
										"sourceAddressPrefix": "*",
										"destinationAddressPrefix": "10.10.10.0/24",
										"access": "Allow",
										"priority": 1000,
										"direction": "Outbound"
									}
								},
								{
									"name": "Allow_Outbound_ADC",
									"properties": {
										"protocol": "*",
										"sourcePortRange": "*",
										"destinationPortRanges": [
											"443",
											"3003",
											"3008",
											"3009"
										],
										"sourceAddressPrefixes": [
											"10.10.10.200",
											"10.10.10.201"
										],
										"destinationAddressPrefix": "*",
										"access": "Deny",
										"priority": 1100,
										"direction": "Outbound"
									}
								},
								{
									"name": "Allow_Outbound_CPM",
									"properties": {
										"protocol": "*",
										"sourcePortRange": "*",
										"destinationPortRanges": [
											"80",
											"135",
											"139",
											"443",
											"445",
											"7750",
											"7751"
										],
										"sourceAddressPrefix": "10.10.10.0/24",
										"destinationAddressPrefixes": [
											"10.10.9.17/32",
											"10.10.9.18/32"
										],
										"access": "Allow",
										"priority": 1200,
										"direction": "Outbound"
									}
								},
								{
									"name": "Allow_Outbound_Internet",
									"properties": {
										"protocol": "*",
										"sourcePortRange": "*",
										"destinationPortRange": "*",
										"sourceAddressPrefix": "*",
										"destinationAddressPrefix": "Internet",
										"access": "Allow",
										"priority": 4000,
										"direction": "Outbound"
									}
								},
								{
									"name": "Deny_Outbound_All",
									"properties": {
										"protocol": "*",
										"sourcePortRange": "*",
										"destinationPortRange": "*",
										"sourceAddressPrefix": "*",
										"destinationAddressPrefix": "*",
										"access": "Deny",
										"priority": 4096,
										"direction": "Outbound"
									}
								}
							]
						}
					]
				},
				"vmadc": [
					{
						"name": "vmadcprod01",
						"tags": {
							"Application": "Citrix",
							"Service": "Application Delivery Controller",
							"UpdateManagement": "Critical_Monthly_GroupA"
						},
						"vmSize": "Standard_DS3_v2",
						"availabilitySet": "avail-adc-prod-01",
						"plan": {
							"publisher": "citrix",
							"product": "netscalervpx-131",
							"name": "netscalerbyol"
						},
						"imageReference": {
							"publisher": "citrix",
							"offer": "netscalervpx-131",
							"sku": "netscalerbyol",
							"version": "latest"
						},
						"osDiskSizeGB": 64,
						"dataDisks": [],
						"networkInterfaces": [
							{
								"privateIPAllocationMethod": "Static",
								"privateIPAddress": "10.10.5.200",
								"primary": true,
								"subnet": "snet-mgmt-prod-01",
								"publicIPAddress": false,
								"enableIPForwarding": false,
								"enableAcceleratedNetworking": false,
								"externalLoadBalancer": false,
								"internalLoadBalancer": false
							},
							{
								"privateIPAllocationMethod": "Static",
								"privateIPAddress": "10.10.10.200",
								"primary": false,
								"subnet": "snet-vda-prod-01",
								"publicIPAddress": false,
								"enableIPForwarding": false,
								"enableAcceleratedNetworking": true,
								"externalLoadBalancer": false,
								"internalLoadBalancer": true
							},
							{
								"privateIPAllocationMethod": "Static",
								"privateIPAddress": "10.10.8.8",
								"primary": false,
								"subnet": "snet-web-prod-01",
								"publicIPAddress": false,
								"enableIPForwarding": false,
								"enableAcceleratedNetworking": true,
								"externalLoadBalancer": true,
								"internalLoadBalancer": false
							}
						],
						"monitor": {
							"alert": false,
							"enabled": false
						}
					},
					{
						"name": "vmadcprod02",
						"tags": {
							"Application": "Citrix",
							"Service": "Application Delivery Controller",
							"UpdateManagement": "Critical_Monthly_GroupA"
						},
						"vmSize": "Standard_DS3_v2",
						"availabilitySet": "avail-adc-prod-01",
						"plan": {
							"publisher": "citrix",
							"product": "netscalervpx-131",
							"name": "netscalerbyol"
						},
						"imageReference": {
							"publisher": "citrix",
							"offer": "netscalervpx-131",
							"sku": "netscalerbyol",
							"version": "latest"
						},
						"osDiskSizeGB": 64,
						"dataDisks": [],
						"networkInterfaces": [
							{
								"privateIPAllocationMethod": "Static",
								"privateIPAddress": "10.10.5.201",
								"primary": true,
								"subnet": "snet-mgmt-prod-01",
								"publicIPAddress": false,
								"enableIPForwarding": false,
								"enableAcceleratedNetworking": false,
								"externalLoadBalancer": false,
								"internalLoadBalancer": false
							},
							{
								"privateIPAllocationMethod": "Static",
								"privateIPAddress": "10.10.10.201",
								"primary": false,
								"subnet": "snet-vda-prod-01",
								"publicIPAddress": false,
								"enableIPForwarding": false,
								"enableAcceleratedNetworking": true,
								"externalLoadBalancer": false,
								"internalLoadBalancer": true
							},
							{
								"privateIPAllocationMethod": "Static",
								"privateIPAddress": "10.10.8.9",
								"primary": false,
								"subnet": "snet-web-prod-01",
								"publicIPAddress": false,
								"enableIPForwarding": false,
								"enableAcceleratedNetworking": true,
								"externalLoadBalancer": true,
								"internalLoadBalancer": false
							}
						],
						"monitor": {
							"alert": false,
							"enabled": false
						}
					}
				]
			}
		}
	}
}